generated_input	header_sha256	embedded_sha256	embedded_bytes
advanced_blend.minified.glsl	3b0baf8a726e31dda58942a43f2957f729b773fde14d85c48714e343d75cea4b	7e3b443b7542b9778040dc82c6be42403e7e0d28a5deb46c6b1341a09b1f80ad	2080
atomic_draw.minified.glsl	577330b504fec3f49cd654e0efc1321ac845abde1daef1ec261cb38ea1d61e40	060edba2d261b66ae90e7edae013984bd84c252a0ee1ed57a9ab8b82c9b8d1a0	7982
bezier_utils.minified.glsl	93251f8aa899eae81874fbf2fbb05aa5d40d3a5dcb4d3dba7c3ce87f2a4e5c7b	39052fc9ac6778584f7c9fc8c2f40ac9921b670f7a59455e1c6bb478d8f74e01	1915
blit_texture_as_draw.minified.glsl	6c000dd71d40e199daa4299b71b9514ae3c9609097bbb80cbabea3356b1e26f5	d70f7f37318c8e1e23a6c79a3db1629ba6fdb0fc231fa4beb75394cf372ae986	561
color_ramp.minified.glsl	404779bc24d75951aa84bfb344e1efcf627fef09bcf5145a05ec0156920c1a70	6dc9e92cd1969cd597668bf330807a9564ff0d0be6fed3f8004799b2cb5c979b	761
common.minified.glsl	84114a4ce47edbf005cfb516a187a7e3b6eeba01c87e0d734e75cf730006dc7b	67cb6385a3e8c4f36e5860a456a638feb57f9d834ea460f6891819b019eec7d0	4545
constants.minified.glsl	3b2bace6b1ab50798c4a3ded5d934fa750cd96388915664bf7c058c9842cfaba	d1ba5744174d7a24dbd6b3535c9655271e4ef616e15884c6fbd5cd77f11083ac	2251
draw_clockwise_clip.minified.frag	bb0214efc6f9e2290bfb514aa89078c08318e0b345f92ecf41fd337eff7a8fef	a3cb364c7fc443403b8926be93d41f47a29ab2d2cdd2cf68a6f1fef5a534aa21	653
draw_clockwise_path.minified.frag	246b6c6579d2d0df88aafca6611f0e90e147c976b0c2cc2ac6e811e7e7b7fc07	318c6a6a6caf4c0cfcd757eb52dbccbe1ec31513b57f294eafc5558c76112cdb	1512
draw_image_mesh.minified.vert	665fabab6f30a478f3ed6188c3f1d5cab47b9db7a6a31430d345362b4c0baa80	fd896c175aef2a3fc69ed7c302c0b08934547bcda832f140ea74bab0821b0a12	1003
draw_mesh.minified.frag	e6b5a0407cf907824d3dc88dcd4af3fce9e707db558741f7c6e33ceac430b51a	f866d4cec356cf59e6157db9c2c3c7a92f5b995c623d79668aa460883c1a60ff	1494
draw_depthstencil_object.minified.frag	4397f470fe305ccc8ce013a39c8338447b217d50697700eea35315543731ed1b	a5fde53e4496fd1e6b3196c26d0852db1856de8da9a0882cc39dedfb0bb873bf	631
draw_path.minified.vert	27172a1c5248856e21204762c85777fe21ec1bf9cebdfb19bc004d312b116033	30461dd3a2cc478c47108415f57bbcfcca2f56ce62ecc591887163f1bc2f6be1	3508
draw_path_common.minified.glsl	f9052e2363b11d629b4581c07d1a0155f2c444e5a12d4316a66ddf651f6773b5	1212ed730257b8dea954e73d28dbd3a2e4983826f0e99bf5ee00991378141d08	6020
draw_raster_order_path.minified.frag	86e5398bf9dcb7be7ffe3103046201e7b43d27cb0ade0246c40ad0ac9e4cb306	aaa08ef69bec6de4acaa5f120a379b6868fb40756ef90da43f629764cb2f5c63	1407
flush_uniforms.minified.glsl	09658d9cceaad5af57898c55433440378ed0a84657b8f288f0b381e086caacd3	ff20c3661257e16a2a33b87b0f4eb4e65c2f50c131ad4559d7543b2674757d43	376
glsl.minified.glsl	bdafb57d05e8f84aa98803ddeb21a14fe850cd10c1de2c4fb42d575c2b675156	71f15d689783827392efc118447963865e7d56671cc4312bf82fc5632e2e4933	10413
gradient_packing_common.minified.glsl	d9860f8f3ec5f3980e2c5f600fc7f4bfb5c7268a4b91dd09000209b40c0ff5be	7cafff9109bfe4b1d9339c8b1363f21badcc3e2ed65c3b59d878ea774352f561	408
pls_load_store_ext.minified.glsl	a50d2853e45c846f6b5c32e31b6a284bf9b7e2fd25bea9f4c7b7accca073cdad	89433032b843146813bde1e760af3fed907b7157b1cdd5c509b8519f1fac2edb	1254
render_atlas.minified.glsl	b2b1173b67d02ca08bc747a8a37d0bd2efe22d5d60ce3805da744a5e80b92dcc	e86b5f6378f3938846feb8414ba9c10c4a5ff6cda9ac02492720476d490217f6	1964
resolve_atlas.minified.glsl	7dd87da1dafdbcf1de5f34d3b4176048aeac7c92f0064de88ac444db44e0b48e	cb7a8fb18b18e6c3bef1448924b271aec53442f4e646fd14a28cc940068465be	975
stencil_draw.minified.glsl	730644755d3dfe6bdba5a4bbc5539201ae94d48c28117eae9ccb454b1f7e5ef0	ce930fb8075c895646954aefa2488698561fb00bd807f334339728db3db7f0d5	194
tessellate.minified.glsl	8505de4e0b08a07fafbe182daf3923e7daccfe770d102d6d4800d98811696752	8b4013b28dba5784f1e7dff225f82b339479fc85f2af4bb9003c903c6c601bbb	3971
