stage	artifact_path	artifact_sha256	retention	direct_include_count
minify-export	out/generated/advanced_blend.glsl.exports.h	b415a51a8f22f1485be7c8ec4c033609288652a4396add1129a3df4f54ebd8b7	retained	0
minify-export	out/generated/atomic_draw.glsl.exports.h	b415a51a8f22f1485be7c8ec4c033609288652a4396add1129a3df4f54ebd8b7	retained	0
minify-export	out/generated/bezier_utils.glsl.exports.h	b415a51a8f22f1485be7c8ec4c033609288652a4396add1129a3df4f54ebd8b7	retained	0
minify-export	out/generated/blit_texture_as_draw.glsl.exports.h	b415a51a8f22f1485be7c8ec4c033609288652a4396add1129a3df4f54ebd8b7	retained	0
minify-export	out/generated/clear_clockwise_atomic_clip.glsl.exports.h	b415a51a8f22f1485be7c8ec4c033609288652a4396add1129a3df4f54ebd8b7	retained	0
minify-export	out/generated/color_ramp.glsl.exports.h	b415a51a8f22f1485be7c8ec4c033609288652a4396add1129a3df4f54ebd8b7	retained	0
minify-export	out/generated/common.glsl.exports.h	b415a51a8f22f1485be7c8ec4c033609288652a4396add1129a3df4f54ebd8b7	retained	0
minify-export	out/generated/constants.glsl.exports.h	b415a51a8f22f1485be7c8ec4c033609288652a4396add1129a3df4f54ebd8b7	retained	0
minify-export	out/generated/draw_clockwise_atomic_borrowed_coverage.frag.exports.h	b415a51a8f22f1485be7c8ec4c033609288652a4396add1129a3df4f54ebd8b7	retained	0
minify-export	out/generated/draw_clockwise_atomic_clip.frag.exports.h	b415a51a8f22f1485be7c8ec4c033609288652a4396add1129a3df4f54ebd8b7	retained	0
minify-export	out/generated/draw_clockwise_atomic_path.frag.exports.h	b415a51a8f22f1485be7c8ec4c033609288652a4396add1129a3df4f54ebd8b7	retained	0
minify-export	out/generated/draw_clockwise_clip.frag.exports.h	b415a51a8f22f1485be7c8ec4c033609288652a4396add1129a3df4f54ebd8b7	retained	0
minify-export	out/generated/draw_clockwise_path.frag.exports.h	b415a51a8f22f1485be7c8ec4c033609288652a4396add1129a3df4f54ebd8b7	retained	0
minify-export	out/generated/draw_fullscreen_quad.vert.exports.h	b415a51a8f22f1485be7c8ec4c033609288652a4396add1129a3df4f54ebd8b7	retained	0
minify-export	out/generated/draw_image_mesh.vert.exports.h	b415a51a8f22f1485be7c8ec4c033609288652a4396add1129a3df4f54ebd8b7	retained	0
minify-export	out/generated/draw_input_attachment.frag.exports.h	b415a51a8f22f1485be7c8ec4c033609288652a4396add1129a3df4f54ebd8b7	retained	0
minify-export	out/generated/draw_mesh.frag.exports.h	b415a51a8f22f1485be7c8ec4c033609288652a4396add1129a3df4f54ebd8b7	retained	0
minify-export	out/generated/draw_msaa_object.frag.exports.h	b415a51a8f22f1485be7c8ec4c033609288652a4396add1129a3df4f54ebd8b7	retained	0
minify-export	out/generated/draw_msaa_resolve.frag.exports.h	b415a51a8f22f1485be7c8ec4c033609288652a4396add1129a3df4f54ebd8b7	retained	0
minify-export	out/generated/draw_path.vert.exports.h	b415a51a8f22f1485be7c8ec4c033609288652a4396add1129a3df4f54ebd8b7	retained	0
minify-export	out/generated/draw_path_common.glsl.exports.h	b415a51a8f22f1485be7c8ec4c033609288652a4396add1129a3df4f54ebd8b7	retained	0
minify-export	out/generated/draw_raster_order_path.frag.exports.h	b415a51a8f22f1485be7c8ec4c033609288652a4396add1129a3df4f54ebd8b7	retained	0
minify-export	out/generated/flush_uniforms.glsl.exports.h	b415a51a8f22f1485be7c8ec4c033609288652a4396add1129a3df4f54ebd8b7	retained	0
minify-export	out/generated/glsl.glsl.exports.h	b415a51a8f22f1485be7c8ec4c033609288652a4396add1129a3df4f54ebd8b7	retained	2
minify-export	out/generated/hlsl.glsl.exports.h	b415a51a8f22f1485be7c8ec4c033609288652a4396add1129a3df4f54ebd8b7	retained	0
minify-export	out/generated/init_clockwise_atomic_workaround.frag.exports.h	b415a51a8f22f1485be7c8ec4c033609288652a4396add1129a3df4f54ebd8b7	retained	0
minify-export	out/generated/metal.glsl.exports.h	b415a51a8f22f1485be7c8ec4c033609288652a4396add1129a3df4f54ebd8b7	retained	0
minify-export	out/generated/pls_load_store_ext.glsl.exports.h	b415a51a8f22f1485be7c8ec4c033609288652a4396add1129a3df4f54ebd8b7	retained	1
minify-export	out/generated/render_atlas.glsl.exports.h	b415a51a8f22f1485be7c8ec4c033609288652a4396add1129a3df4f54ebd8b7	retained	0
minify-export	out/generated/resolve_atlas.glsl.exports.h	b415a51a8f22f1485be7c8ec4c033609288652a4396add1129a3df4f54ebd8b7	retained	0
minify-export	out/generated/rhi.glsl.exports.h	b415a51a8f22f1485be7c8ec4c033609288652a4396add1129a3df4f54ebd8b7	retained	0
minify-export	out/generated/specialization.glsl.exports.h	b415a51a8f22f1485be7c8ec4c033609288652a4396add1129a3df4f54ebd8b7	retained	0
minify-export	out/generated/stencil_draw.glsl.exports.h	b415a51a8f22f1485be7c8ec4c033609288652a4396add1129a3df4f54ebd8b7	retained	0
minify-export	out/generated/tessellate.glsl.exports.h	b415a51a8f22f1485be7c8ec4c033609288652a4396add1129a3df4f54ebd8b7	retained	0
minify-header	out/generated/advanced_blend.glsl.hpp	f1c63bdc1594f9970616f11bf5b2b322d49bf1a9320b89957648353f719b1990	retained	2
minify-header	out/generated/atomic_draw.glsl.hpp	69e330346c75a964b1b41c9682d6ef55284254537f946e59a5265133f402403d	retained	1
minify-header	out/generated/bezier_utils.glsl.hpp	a2eabc6097bb46a1c31ac13bb5dcbd98d9be7c6c1cb6889d0c02ba714405de13	retained	2
minify-header	out/generated/blit_texture_as_draw.glsl.hpp	601c06a8151277e52b5970ae8a80c9fb055a9f42b2ea01172509201188cf1a85	retained	1
minify-header	out/generated/clear_clockwise_atomic_clip.glsl.hpp	730c75d425bb298e3fb779c4df20ea7dbacfa97b57fd2fa4db885b289ec0704f	retained	0
minify-header	out/generated/color_ramp.glsl.hpp	5bbd6f1cce6bd50bff5e0551bbf101a6cf479d3098f8e4fbed4f0218e6280585	retained	2
minify-header	out/generated/common.glsl.hpp	2f7c4183fad3d7dec4917f3f65a7041d1a82f264f950fa250319cdd2f9b6f42e	retained	2
minify-header	out/generated/constants.glsl.hpp	7c359c47a365d8a1910f8fe11c62b08a69051dee887cd6783c940b8b393d7fed	retained	2
minify-header	out/generated/draw_clockwise_atomic_borrowed_coverage.frag.hpp	433339c63a1caec420a6b54166054ebec825023035ec5240196e2fe62e62e942	retained	0
minify-header	out/generated/draw_clockwise_atomic_clip.frag.hpp	516bafb74bc18c0450b1a491ee53f428e000a99edf41312b0578a6aa818f0b02	retained	0
minify-header	out/generated/draw_clockwise_atomic_path.frag.hpp	5870f5aa355fabdb38484e958db7c84427c8e4dbf3db648894c6ce60cc9417fd	retained	0
minify-header	out/generated/draw_clockwise_clip.frag.hpp	a906b9ffbbdabcbb081060d271ea90e0e1981eede8bbf6f8b9966beec11a1ce3	retained	2
minify-header	out/generated/draw_clockwise_path.frag.hpp	e6830c1add34a066cd8ac8886283ec7111b4dbc89c2b35539202319891a98150	retained	2
minify-header	out/generated/draw_fullscreen_quad.vert.hpp	810643ebf921e1e5b4eb6d6ef741a57c6d4208d04d3ce5762d286c7f48703309	retained	0
minify-header	out/generated/draw_image_mesh.vert.hpp	d6ac2a1e5c77c43d776170aa4139cb847fc5c27831ddd2e9e197919b7fbd6246	retained	2
minify-header	out/generated/draw_input_attachment.frag.hpp	3cac0fb87c53c8828bc508830ff9efb58f55be470536dabad3e243d099dec33d	retained	0
minify-header	out/generated/draw_mesh.frag.hpp	6701d3349457f6812275ce305f14c7d86e003a90cab32adef55163dfeac1ba1e	retained	2
minify-header	out/generated/draw_msaa_object.frag.hpp	c79470e7583740114c19cbcf1fa7cf6cc03d229a2a2db4241a332658806d45be	retained	1
minify-header	out/generated/draw_msaa_resolve.frag.hpp	8a99895882a2611d4aa1fbf60c27644043c522f6244d30eee0fbc596ea474a98	retained	0
minify-header	out/generated/draw_path.vert.hpp	d4ddb6ca6c0815ac8e5bd30f567354b16641b9d5b43674906ea198bdf3ebba61	retained	2
minify-header	out/generated/draw_path_common.glsl.hpp	7d87146e8353a4b4697b3a0e337d947360d12f8e065245671d848c7f7aa40f47	retained	2
minify-header	out/generated/draw_raster_order_path.frag.hpp	17817497bc82fc4ee3bb3650b8aa8622c2bc0f964821596c334209e5847ebde0	retained	2
minify-header	out/generated/flush_uniforms.glsl.hpp	57257782dfd006f29f2cefa8bbee491a8eceff7e6a40effac8d2cd2d3ee655f1	retained	2
minify-header	out/generated/glsl.glsl.hpp	c7d51ceeac1453ddacc47ae4a77099a9a002693dea52cc90b58397597ea1ebbb	retained	2
minify-header	out/generated/hlsl.glsl.hpp	0c81116669914d9c2a1d83cd18873a8bf4db042c9e13d3782f1101a9ec1c7c6f	retained	0
minify-header	out/generated/init_clockwise_atomic_workaround.frag.hpp	bad9578e5b07e9e62e736350e246fd9456dca2a67a6f2965cf08336292744981	retained	0
minify-header	out/generated/metal.glsl.hpp	7420454241caa7a4e0efa758f6426719182c0a2bd73011de85be7d39ff7aeb50	retained	0
minify-header	out/generated/pls_load_store_ext.glsl.hpp	00314ea44b56d47791dfb15e3f1dad680bf28d358e1278a3ebd6c112c0954f11	retained	1
minify-header	out/generated/render_atlas.glsl.hpp	21492701d0330e1746c7cec0f727ffa376f18e9fd026bf00d8051c9dafd7ae8b	retained	2
minify-header	out/generated/resolve_atlas.glsl.hpp	f90c195257db33922c9d0890155df27b1db6c5b9dd010a8127ef040fb2390029	retained	1
minify-header	out/generated/rhi.glsl.hpp	dd38b6d9573ba9289df87e5e434ebb1a7295cf497ed0262fc1720404b456fe95	retained	0
minify-header	out/generated/specialization.glsl.hpp	9e098b1dfa92fe131c151eebb2f6c7641d4095726467494ad3c8024d6427a56a	retained	0
minify-header	out/generated/stencil_draw.glsl.hpp	41ad6c3ebcd713c71d8f1b9d57193f334def2ec2a50b9e332b79c1aab8b42dfc	retained	1
minify-header	out/generated/tessellate.glsl.hpp	bd7f5008805ec4ca5542f487fcd2a44a288f6e6bfca78307fd9ee6d2d49153e5	retained	2
minify-source	out/generated/advanced_blend.minified.glsl	5a3c63e1a6af349758dbc75cd9fff42b282000463b40fc1e8fdaad22e17178c9	retained	24
minify-source	out/generated/atomic_draw.minified.glsl	0256434f245b3e34d9d8e79f5ee7cf9a4208da3f7c0f319a0c77a1141e9d49f9	retained	1
minify-source	out/generated/bezier_utils.minified.glsl	8d4ef7f0d559022ef409dd3198f780d6a3ce07157c7737c8b94add5b191b266d	retained	1
minify-source	out/generated/blit_texture_as_draw.minified.glsl	554f0474ee4b674732b7fbe56fcc85447290fd5a8fc69bfa04982881051ad7d9	retained	1
minify-source	out/generated/clear_clockwise_atomic_clip.minified.glsl	238790a619de86b701aad1c953d7711aca3454f9b9dfdc7391cf73d927e95246	retained	1
minify-source	out/generated/color_ramp.minified.glsl	6aa0102a8144f8bce2f038b0a427bd79ca0ae1080c21dd69a23d64e0cfe55321	retained	1
minify-source	out/generated/common.minified.glsl	536c2f979d42703bf8c14d2f5f310344c418853b9b23e955621fb1b39d048134	retained	33
minify-source	out/generated/constants.minified.glsl	0644011079b560f56ba301fb9e8163212ddc910cf9d592105a2c75eef839c597	retained	33
minify-source	out/generated/draw_clockwise_atomic_borrowed_coverage.minified.frag	4c18ace81b3fd35c6f03d3a0f8baa5d52b47abe5300b5767dc35ef28dedede89	retained	2
minify-source	out/generated/draw_clockwise_atomic_clip.minified.frag	eeb52370fc3feb87b695259761ee30e038dfdc8dfe3ceabe83edd041ac37ec77	retained	2
minify-source	out/generated/draw_clockwise_atomic_path.minified.frag	41ebacb53f303e6b18bf30a38df1525ee0b2ec1dda12af32a1210dbca6eb092c	retained	2
minify-source	out/generated/draw_clockwise_clip.minified.frag	cda2bca6352c200da7528968821de8ce059624936636be57a48190cca2ae4534	retained	2
minify-source	out/generated/draw_clockwise_path.minified.frag	94ccc3fb71e246d9596a5db87c7a9e3565be40b3e6398017115adfabeb60f3da	retained	2
minify-source	out/generated/draw_fullscreen_quad.minified.vert	cc6ad25c6efa790b1188e67828f3c944a9bb360a71c1b6a5159da60c8b400c50	retained	1
minify-source	out/generated/draw_image_mesh.minified.vert	cef8caabf852ac991b5f8fe3a3f38994e603f670df0f893aa537e3c9e30e4bcb	retained	4
minify-source	out/generated/draw_input_attachment.minified.frag	b48bb08866c8edfd4add352a37204587d735fbddb98d9b0a3f87519d7677fa30	retained	2
minify-source	out/generated/draw_mesh.minified.frag	290b59763daa435a8f0d9fdfb9716258d2c0c18cfbf145b8fd8bc19bc105e1a0	retained	6
minify-source	out/generated/draw_msaa_object.minified.frag	df25f365a2a9e653fef2cbe0edb0a4f31954538351ce032a3c53847bf8b85721	retained	3
minify-source	out/generated/draw_msaa_resolve.minified.frag	f97967f5cdfae9a7e915db2a7422db71cef9a51f83ed948178c0fe8ba16f45de	retained	1
minify-source	out/generated/draw_path.minified.vert	0a478c0880dc2de6a51799e8b4a725e42f022f7313d91bfdfa192bee98bc6531	retained	17
minify-source	out/generated/draw_path_common.minified.glsl	c044a173c950871b487f8d121ad82154236bda2ab0d4af0c8f35369328f18616	retained	21
minify-source	out/generated/draw_raster_order_path.minified.frag	90100677be8092452ae382ca9ca3745830bcc8135d54a451375176d91c5730d0	retained	2
minify-source	out/generated/flush_uniforms.minified.glsl	644d2092ddf84a3cb929dfab1b75bdd6d1cd0ec2675b124fea68038c4ad855c0	retained	32
minify-source	out/generated/glsl.minified.glsl	6a78ec2e05155caaab025535d46cea99381c409f1d66303a9a30ea03af5ce3ae	retained	33
minify-source	out/generated/hlsl.minified.glsl	c350a4008d3bd97f4deb2307d1d74f97b0c1889a613fae658fd333994066b85b	retained	0
minify-source	out/generated/init_clockwise_atomic_workaround.minified.frag	ec661bab3d5adec53d5c64ada1aa198b39f08fb89a96be94b4fa98531368f66d	retained	1
minify-source	out/generated/metal.minified.glsl	e4845f27a7f9f293c139eebc9babdb03f30a3eb9c3fd5699b2a97abcd517c0a8	retained	0
minify-source	out/generated/pls_load_store_ext.minified.glsl	51692804c411be352739e972b5fe95b11f7d3681b6a5e158abda6a5ae1bbe1fa	retained	0
minify-source	out/generated/render_atlas.minified.glsl	1c880793e4e30b79b447b8bedb88c589304ba264ef5cfd2ef1f35d15f94623e2	retained	1
minify-source	out/generated/resolve_atlas.minified.glsl	a6886221af8a81f70828bc73b65cd4db9c7d43b9e7b000b595760ff5795bb6f5	retained	0
minify-source	out/generated/rhi.minified.glsl	9b62c9de29f5c1beb1fb8ab300aa636db4b700f1be1a78577e82dc58a4453a7a	retained	0
minify-source	out/generated/specialization.minified.glsl	7dce440813a5d7e553e8110bf59ccb132ddc5b50747d22cbb41d46147c23b90a	retained	24
minify-source	out/generated/stencil_draw.minified.glsl	d99bb891f3cbd50f866444def4084e4628ef369a3faeb48603cfc759c4833e50	retained	1
minify-source	out/generated/tessellate.minified.glsl	ec7700f65d09836c8e7fcc4f1fcf6da9ffbb1f0425e072d3cf96e00264b30eb7	retained	1
spirv-binary	out/generated/spirv/atomic_draw_atlas_blit.fixedcolor_frag.spv	c84be72e7f6cb535e3911dd19998a11134cd63da7813acdffb47c47e9a632c52	retained	0
spirv-binary	out/generated/spirv/atomic_draw_atlas_blit.frag.spv	026191f5286e4ccb3b493d8b4fb3a4b1e589f11dc3c3599446aba01495c7ef29	retained	0
spirv-binary	out/generated/spirv/atomic_draw_atlas_blit.vert.spv	ab0be1d152a2b44d46118abae2455e148126bbf218bb41f609477d88c2688d97	retained	0
spirv-binary	out/generated/spirv/atomic_draw_atlas_blit.webgpu_fixedcolor_frag.spv	5bfda4ff029e5999147eccc3779811786f5fe7423974d85fc2bcc4d5539fcd94	retained	0
spirv-binary	out/generated/spirv/atomic_draw_atlas_blit.webgpu_frag.spv	56a0ec024e0409ffb8d2e880c097e209a6386a69091574042b7fea8d2581faf9	retained	0
spirv-binary	out/generated/spirv/atomic_draw_atlas_blit.webgpu_vert.spv	8792df4bb1ea683525f85aef234481e922c869ebbdd84f5bcdf1d8a7dbfbdf30	retained	0
spirv-binary	out/generated/spirv/atomic_draw_image_mesh.fixedcolor_frag.spv	894262f84181fd66db2ea4a788d4df002390ce16a3d0b07e932f7396e64c52b9	retained	0
spirv-binary	out/generated/spirv/atomic_draw_image_mesh.frag.spv	815dafffa6bd34fbb6eb8eb6fa0f1135597e96164e5ebd7f1ce2189a87941f86	retained	0
spirv-binary	out/generated/spirv/atomic_draw_image_mesh.vert.spv	524f15341b09887b6b295532036dc540257ea5ed1ebb978b84387c57ae53bfb6	retained	0
spirv-binary	out/generated/spirv/atomic_draw_image_mesh.webgpu_fixedcolor_frag.spv	7fe22ed7cef477d6ff83a256f5538bfd6c71f2b9d30f3101240ea1847e0090fa	retained	0
spirv-binary	out/generated/spirv/atomic_draw_image_mesh.webgpu_frag.spv	20a5723f09eb0269420737d81d9699c1df41836db9d6848d43a0f49279e8af76	retained	0
spirv-binary	out/generated/spirv/atomic_draw_image_mesh.webgpu_vert.spv	4b1971c8844b34f77f668d5bfad5231fc521f79e255385f432f4f2925c0cb023	retained	0
spirv-binary	out/generated/spirv/atomic_draw_image_rect.fixedcolor_frag.spv	9ee0f36f306176171b27a79ceb468aec690bc816d0fba37bd327b702d0fb3e68	retained	0
spirv-binary	out/generated/spirv/atomic_draw_image_rect.frag.spv	22cd8270f8f41bd2d6a075aa21fe78814b12d37515ab8a7e81c63d15d8da9560	retained	0
spirv-binary	out/generated/spirv/atomic_draw_image_rect.vert.spv	1798df63cb4609e5af880d45c432c56f87700204972013bf557f169b9d62f35f	retained	0
spirv-binary	out/generated/spirv/atomic_draw_image_rect.webgpu_fixedcolor_frag.spv	23ddf2e51397a4c1752ad6576c4fee2e44ec8108d645c6c7499d9449699333c1	retained	0
spirv-binary	out/generated/spirv/atomic_draw_image_rect.webgpu_frag.spv	5f9cace945003b61725bee84e7a4720f950ea6699e3da4458a5246f9375bdb9a	retained	0
spirv-binary	out/generated/spirv/atomic_draw_image_rect.webgpu_vert.spv	be2c6b4b760838d413396d3ce24cc1833293f8864823a1229173e4f48ff54433	retained	0
spirv-binary	out/generated/spirv/atomic_draw_interior_triangles.fixedcolor_frag.spv	2fb744e050141d38a04daa479a76e3abf2d7c17e503ffc00bc9478c63b8b3ec6	retained	0
spirv-binary	out/generated/spirv/atomic_draw_interior_triangles.frag.spv	7bb0ff2102b6309e5e76869c731b46e750e7c4fdeed96d4c3c4755476178f79a	retained	0
spirv-binary	out/generated/spirv/atomic_draw_interior_triangles.vert.spv	c4301182f82809eb8d265dc361c7a6019374a831538f919ee7d244c971eba4da	retained	0
spirv-binary	out/generated/spirv/atomic_draw_interior_triangles.webgpu_fixedcolor_frag.spv	859ef5bedbdeede21362e5c44b63eec23c67814c466236043dda0fd92a5cce7d	retained	0
spirv-binary	out/generated/spirv/atomic_draw_interior_triangles.webgpu_frag.spv	986cab30b7094c4738d15646cb982ba536c4c273c4dec7c1d9c00b7a67ea6e19	retained	0
spirv-binary	out/generated/spirv/atomic_draw_interior_triangles.webgpu_vert.spv	d792b08214385617165afce1493b738721813ea6a829790b081fb1db7c88b099	retained	0
spirv-binary	out/generated/spirv/atomic_draw_path.fixedcolor_frag.spv	23459fda712b8738f2106e9706b63f107faa6dd2294785f586e8a08adece1500	retained	0
spirv-binary	out/generated/spirv/atomic_draw_path.frag.spv	d9f6eea08be7c99d8d4d67f795ac3f6dbcc446ea83c9f86889bfae98546ca8e8	retained	0
spirv-binary	out/generated/spirv/atomic_draw_path.vert.spv	29724bdf891786236a3fd82ba5961a2de4e7cac2b49049174ac97676029eecae	retained	0
spirv-binary	out/generated/spirv/atomic_draw_path.webgpu_fixedcolor_frag.spv	c49e242f03192ed3edf63847f4e7848ab1edf45b1281e629dc63c8d32e98291e	retained	0
spirv-binary	out/generated/spirv/atomic_draw_path.webgpu_frag.spv	44a1ce8c28ce50c88b1ee64db778f53da22ed18484110801eb800ca1b218cdd0	retained	0
spirv-binary	out/generated/spirv/atomic_draw_path.webgpu_vert.spv	38351312d01163505f9ce0430440f6ad3d1d4ae7bf910f9cb104ddc6a85ac87c	retained	0
spirv-binary	out/generated/spirv/atomic_init.fixedcolor_frag.spv	6b91874b9569a2b7ac99680e66bfeb9de6a87b4f81a151ccda0c5d5dc1639a6e	retained	0
spirv-binary	out/generated/spirv/atomic_init.frag.spv	e35429d3d6ac8522433e53abf595866ab9f3ccd4f32072e34d52b640ca8903ed	retained	0
spirv-binary	out/generated/spirv/atomic_init.vert.spv	d9056993d39e34a078872f99d1364312fd31463e05f51c59d0d1f113d907fedc	retained	0
spirv-binary	out/generated/spirv/atomic_init.webgpu_fixedcolor_frag.spv	e86bcb818b6cbf0b0f4875ba9be226a3137d6db62c8452d095ac3dd0ba7e1035	retained	0
spirv-binary	out/generated/spirv/atomic_init.webgpu_frag.spv	afeae6d14972d908fac2d825f05996966fb52ea27d03efe9eeae408a605db71d	retained	0
spirv-binary	out/generated/spirv/atomic_init.webgpu_vert.spv	19ef8c1d60eb8cc59b04f5c9f494c54aa3b290101f7404ec221eb50124f3c88c	retained	0
spirv-binary	out/generated/spirv/atomic_resolve.fixedcolor_frag.spv	ad84b800d8d41578fec260f79f0bcbe6134da40742bcbdf46f3d9c2519efe787	retained	0
spirv-binary	out/generated/spirv/atomic_resolve.frag.spv	b011000f48bc3f8fa5c16edac8f813041781008c92d40f7e56ca2fe480e1d4b0	retained	0
spirv-binary	out/generated/spirv/atomic_resolve.vert.spv	d9056993d39e34a078872f99d1364312fd31463e05f51c59d0d1f113d907fedc	retained	0
spirv-binary	out/generated/spirv/atomic_resolve.webgpu_fixedcolor_frag.spv	ecbbb03b1f46b7a3f4a3ec0f541e23670d52b65a37660989536bfe58ee20d5d2	retained	0
spirv-binary	out/generated/spirv/atomic_resolve.webgpu_frag.spv	856db390a6d8ef04005e22c1093b97e4314e122a2502e659976775910db11abe	retained	0
spirv-binary	out/generated/spirv/atomic_resolve.webgpu_vert.spv	19ef8c1d60eb8cc59b04f5c9f494c54aa3b290101f7404ec221eb50124f3c88c	retained	0
spirv-binary	out/generated/spirv/atomic_resolve_coalesced.frag.spv	3f4bdb6815a2a2b635e2c22a3033706036736f0e6c7f0dbe78925d38902121d1	retained	0
spirv-binary	out/generated/spirv/atomic_resolve_coalesced.vert.spv	d9056993d39e34a078872f99d1364312fd31463e05f51c59d0d1f113d907fedc	retained	0
spirv-binary	out/generated/spirv/atomic_resolve_coalesced.webgpu_frag.spv	259096e3f5e94e42f7781310b8d28be13bdae33b1e5ae84a4af7cc983b096ac2	retained	0
spirv-binary	out/generated/spirv/atomic_resolve_coalesced.webgpu_vert.spv	19ef8c1d60eb8cc59b04f5c9f494c54aa3b290101f7404ec221eb50124f3c88c	retained	0
spirv-binary	out/generated/spirv/blit_texture_as_draw_filtered.frag.spv	03d1dab750074cee89bcdf6b544b39adc9b3819932257203bf639cd43a589cde	retained	0
spirv-binary	out/generated/spirv/blit_texture_as_draw_filtered.vert.spv	f69109b215e0e9ae9676ab2d3c9501b4ebe085ed8b22c67f2e80021745be8f14	retained	0
spirv-binary	out/generated/spirv/blit_texture_as_draw_filtered.webgpu_frag.spv	2e4617dbd2e35f84a1be251310eab092c3fb1b762a0898af074ff24f2bb2baf0	retained	0
spirv-binary	out/generated/spirv/blit_texture_as_draw_filtered.webgpu_vert.spv	f69109b215e0e9ae9676ab2d3c9501b4ebe085ed8b22c67f2e80021745be8f14	retained	0
spirv-binary	out/generated/spirv/clear_clockwise_atomic_clip.fixedcolor_frag.spv	689284efe251de9f21c5158d8add22690f88222b092550d0983c3ca5c40c1087	retained	0
spirv-binary	out/generated/spirv/clear_clockwise_atomic_clip.frag.spv	9709f4db7691fdb44a999ece67fb19cbc1fd95259c81c8fbe30ef4fc4c611a44	retained	0
spirv-binary	out/generated/spirv/clear_clockwise_atomic_clip.vert.spv	f154bee0889c558f2c248846ce3b815ce00d4c7854068156e2b8895fecd6a07d	retained	0
spirv-binary	out/generated/spirv/color_ramp.frag.spv	a8e6d8ff552c6165d9276a0c022ef9e8104f0627e1776ccf2576fd7fef253c1f	retained	0
spirv-binary	out/generated/spirv/color_ramp.vert.spv	d5b145fcd71828ae8f8d0c9825950a0064d0f878f61c6deef6a386da345030fc	retained	0
spirv-binary	out/generated/spirv/draw_atlas_blit.frag.spv	924dfd7b3eca3858c4714db77485ae5dcb8beaf7684de9903673ba18e6c782d5	retained	0
spirv-binary	out/generated/spirv/draw_atlas_blit.vert.spv	ed6dd765e5fc0434ecb2b94b0af9cb21825b4530e67b03b887804327904f9807	retained	0
spirv-binary	out/generated/spirv/draw_clockwise_atlas_blit.fixedcolor_frag.spv	2458e9cd677aacaaf27435c6354c088631580823e9c8ffd1453335e0dbf1d16b	retained	0
spirv-binary	out/generated/spirv/draw_clockwise_atlas_blit.frag.spv	96c096b59633e7cc057e7d271ad4ba0b1772046a909acd26a4f302006b6a8cb7	retained	0
spirv-binary	out/generated/spirv/draw_clockwise_atlas_blit.vert.spv	6b0dc0ea549bed221f1edd46594e428b92cb453fdf08ea10b3215104562e7ac0	retained	0
spirv-binary	out/generated/spirv/draw_clockwise_atomic_atlas_blit.fixedcolor_frag.spv	9ca95aad00f0fd22600f6970a333bb3341aa385bb9b789e5a931876b02b2978e	retained	0
spirv-binary	out/generated/spirv/draw_clockwise_atomic_atlas_blit.frag.spv	b391e63b29dff809bb160a13412a5089ef47ad71ffde96f34220edf2e1babf4c	retained	0
spirv-binary	out/generated/spirv/draw_clockwise_atomic_atlas_blit.vert.spv	cd3c57f34b09c1d5df3c407c8ca4d54c08a59a50a203fc21ae2ef883d4e23f97	retained	0
spirv-binary	out/generated/spirv/draw_clockwise_atomic_borrowed_coverage.frag.spv	b106588ec2149b21c10872e447c02ce95aead65275907a216f9a6a05687cdd39	retained	0
spirv-binary	out/generated/spirv/draw_clockwise_atomic_borrowed_coverage_interior_triangles.frag.spv	1096dd779545c57148223a57a3b3179dbcff787427428f197364d5c5401b02e3	retained	0
spirv-binary	out/generated/spirv/draw_clockwise_atomic_clip.fixedcolor_frag.spv	3ca8d4f7232cdb705a13c5015b83442db10c25d6f0c85ebe49ecab469ffbd00f	retained	0
spirv-binary	out/generated/spirv/draw_clockwise_atomic_clip.frag.spv	de87810eaab7df6af8441bdeab75d8173a6a78a595ef8fa5b40f7d223c27fe97	retained	0
spirv-binary	out/generated/spirv/draw_clockwise_atomic_clip_interior_triangles.fixedcolor_frag.spv	6af2e3b5d4f94b318c4bf5147173d753128155ea0e52e47b3ea877e75ddf2649	retained	0
spirv-binary	out/generated/spirv/draw_clockwise_atomic_clip_interior_triangles.frag.spv	0a4dbda9f8bf4934616d80b757a80b35763d13bed22f0debed4a5b6552710aff	retained	0
spirv-binary	out/generated/spirv/draw_clockwise_atomic_image_mesh.fixedcolor_frag.spv	e93eb13d44c3caba169326a0759898aa8e539400d208f6266d7c8813f519c962	retained	0
spirv-binary	out/generated/spirv/draw_clockwise_atomic_image_mesh.frag.spv	5d15d921e275bb37960617b7558572a2e894803ca50e57af416fb8e9b86fe887	retained	0
spirv-binary	out/generated/spirv/draw_clockwise_atomic_image_mesh.vert.spv	d977e84da6eedda0dda5d56375a609b801fb2b89d9929474f46861300ed3f8ec	retained	0
spirv-binary	out/generated/spirv/draw_clockwise_atomic_interior_triangles.fixedcolor_frag.spv	9aa2ffc6d7f4497da8c6b91ec666b0e4170923ebd2048df2ee537dda7597ccc9	retained	0
spirv-binary	out/generated/spirv/draw_clockwise_atomic_interior_triangles.frag.spv	ee9dc0babca7e660728356e085fa83d343479b26608a827ba2d527688541128f	retained	0
spirv-binary	out/generated/spirv/draw_clockwise_atomic_interior_triangles.vert.spv	050b5fc1924527d786c74ddab208b997fcaf475a77e16631c62985d706ef3c6d	retained	0
spirv-binary	out/generated/spirv/draw_clockwise_atomic_path.fixedcolor_frag.spv	05dce72f9c741d1cab024b40e6b909679e281154ff68f595bde06fca91454081	retained	0
spirv-binary	out/generated/spirv/draw_clockwise_atomic_path.frag.spv	bc7098c4a5b6420407574da337e8dc36586a1835ec3dabdb8c0d47dda9ed90c9	retained	0
spirv-binary	out/generated/spirv/draw_clockwise_atomic_path.vert.spv	9bbef47ceb5c53fea8c685961aa0445103992cee007e84beec883015f1e103c5	retained	0
spirv-binary	out/generated/spirv/draw_clockwise_clip.fixedcolor_frag.spv	a5a310c65ae871e31495d879b682a9a13b7583e644bfbc02f0179baf0cb4c97b	retained	0
spirv-binary	out/generated/spirv/draw_clockwise_clip.frag.spv	f124e9439df39d7b1d3a3352c362b67af2fedfa1618e99c04e5c768cd2ab1d81	retained	0
spirv-binary	out/generated/spirv/draw_clockwise_clip.vert.spv	6a4df734b8722dc4f27bed780109f4b176d9c7eaab24542a29642332420a7b39	retained	0
spirv-binary	out/generated/spirv/draw_clockwise_clip_interior_triangles.fixedcolor_frag.spv	446e2c3fbef2963468ba1686485087a304091231c58361cbfe8909773093a991	retained	0
spirv-binary	out/generated/spirv/draw_clockwise_clip_interior_triangles.frag.spv	b7eef3418c46284a586d413140bd6e2a7768e3929d6acf1d48116067441740b9	retained	0
spirv-binary	out/generated/spirv/draw_clockwise_clip_interior_triangles.vert.spv	f25916267e727c0cb74d9509c45a634f65eea21d649e1d640e9e194d3b1e3734	retained	0
spirv-binary	out/generated/spirv/draw_clockwise_image_mesh.fixedcolor_frag.spv	ce77980987054dbef1242e68ac6d34e0d1766b8ebc331c947579b57e47d902d3	retained	0
spirv-binary	out/generated/spirv/draw_clockwise_image_mesh.frag.spv	3e5636ed435c8cab254adf407696371d262f1140aacbfee95b1dd514bca6c674	retained	0
spirv-binary	out/generated/spirv/draw_clockwise_image_mesh.vert.spv	328ea90d614cee2a3ca7a0bccd954a66f6a39da84a61bea0870620bfddb431f0	retained	0
spirv-binary	out/generated/spirv/draw_clockwise_interior_triangles.fixedcolor_frag.spv	8ef6ce7f5bbd6d2cc443a9668763ab67f5498ef7ec6e48d43c288efbe4f4d529	retained	0
spirv-binary	out/generated/spirv/draw_clockwise_interior_triangles.frag.spv	81702db2a36b7d1316de98b5d9c0337347f841741e745bf4fdbc24cbc7fe2ce6	retained	0
spirv-binary	out/generated/spirv/draw_clockwise_interior_triangles.vert.spv	f25916267e727c0cb74d9509c45a634f65eea21d649e1d640e9e194d3b1e3734	retained	0
spirv-binary	out/generated/spirv/draw_clockwise_path.fixedcolor_frag.spv	e545918ff5ff7896540ae7587d4f77a6c61db037626088c9384df9b6b43c3ebd	retained	0
spirv-binary	out/generated/spirv/draw_clockwise_path.frag.spv	d9f08a41558291ed931200d0347bae0c830c68edc0c1e4cba7ec02af9a14b834	retained	0
spirv-binary	out/generated/spirv/draw_clockwise_path.vert.spv	6a4df734b8722dc4f27bed780109f4b176d9c7eaab24542a29642332420a7b39	retained	0
spirv-binary	out/generated/spirv/draw_fullscreen_quad.vert.spv	f168c695c4c77886b363ebb6e4b419010880b94326c02728d5d0ea312fcc896a	retained	0
spirv-binary	out/generated/spirv/draw_image_mesh.frag.spv	34108304b79f12a399327c8edcb84981c6de45061b6b3fe08358e915f1193f6a	retained	0
spirv-binary	out/generated/spirv/draw_image_mesh.vert.spv	328ea90d614cee2a3ca7a0bccd954a66f6a39da84a61bea0870620bfddb431f0	retained	0
spirv-binary	out/generated/spirv/draw_input_attachment.frag.spv	a57f3c57d1a61c009c7ae72c63ee619df74d58046bc49a09b336eae999e25333	retained	0
spirv-binary	out/generated/spirv/draw_interior_triangles.frag.spv	d685ca074434a205cd15c6dfb7e83802e110448c2e59602df81e2e924f7aca94	retained	0
spirv-binary	out/generated/spirv/draw_interior_triangles.vert.spv	f25916267e727c0cb74d9509c45a634f65eea21d649e1d640e9e194d3b1e3734	retained	0
spirv-binary	out/generated/spirv/draw_msaa_atlas_blit.fixedcolor_frag.spv	29770aa9460a48bdd98f174f5ffb6aa036a8b05c32d61e52120ec1a1bc5aa79e	retained	0
spirv-binary	out/generated/spirv/draw_msaa_atlas_blit.frag.spv	ca36642d8f08c640ce4ceb40374ccec801a4ceead8f45daf656eca1e2f938aec	retained	0
spirv-binary	out/generated/spirv/draw_msaa_atlas_blit.noclipdistance_vert.spv	cb5cf0bf5a75c2519c78366b592398130d9015f36b508b649f804b44afa0f33b	retained	0
spirv-binary	out/generated/spirv/draw_msaa_atlas_blit.vert.spv	0247f8bfd8351d8e88fd9ef7fea05d54af1c83b75aad20db9f3fb0b13ece4662	retained	0
spirv-binary	out/generated/spirv/draw_msaa_atlas_blit.webgpu_fixedcolor_frag.spv	c9178a91e724959f94cf6728dcc6812cae82f4dc14732edb0a40849495e4ede2	retained	0
spirv-binary	out/generated/spirv/draw_msaa_atlas_blit.webgpu_frag.spv	d257dcf8070176884dbb1be0a3bb835ee0b99481be6a8a1dfc9e18ce23276963	retained	0
spirv-binary	out/generated/spirv/draw_msaa_atlas_blit.webgpu_noclipdistance_vert.spv	26539731d4bc8d708e7600c765f9f6741e279fb0129a8c15dd8ff7f9af800708	retained	0
spirv-binary	out/generated/spirv/draw_msaa_atlas_blit.webgpu_nossbo_noclipdistance_vert.spv	606631fb41bf7085d6f168da4bca75176bfbf4d2a1f236091367b42c3c03925f	retained	0
spirv-binary	out/generated/spirv/draw_msaa_atlas_blit.webgpu_nossbo_vert.spv	7e999512498f5084b8b7fb4659dc45b487438cf78a0b046b767290f8da73b026	retained	0
spirv-binary	out/generated/spirv/draw_msaa_atlas_blit.webgpu_vert.spv	470d822d1b43ca76ad7496352f33718c92f00486a3f1cc72ca478156affc8063	retained	0
spirv-binary	out/generated/spirv/draw_msaa_color_seed_attachment.frag.spv	6f94556957d12832af5f18388107c4858ce111999090c462b8d461a5d2eb6e9f	retained	0
spirv-binary	out/generated/spirv/draw_msaa_image_mesh.fixedcolor_frag.spv	79e7d9eb7f6555cb184ac177808079008c4d630dbbebc69ef98351aecfc9e1ca	retained	0
spirv-binary	out/generated/spirv/draw_msaa_image_mesh.frag.spv	0893015d24e45e98a680c89a84ec54d70361293cb32a962765b370b5d861265d	retained	0
spirv-binary	out/generated/spirv/draw_msaa_image_mesh.noclipdistance_vert.spv	ea0c51dadad3bfdc77ffae61767e2f3caff7f933e7c5d5125d37bca1c4dcd07d	retained	0
spirv-binary	out/generated/spirv/draw_msaa_image_mesh.vert.spv	b05de18acf7951670d48300cbc6ced2d7afba8e59c457d229d696d4ef80c37a7	retained	0
spirv-binary	out/generated/spirv/draw_msaa_image_mesh.webgpu_fixedcolor_frag.spv	29f979cab37eb3abf3954084accb0dff93b2aacb735364851f4ae32b885c79fd	retained	0
spirv-binary	out/generated/spirv/draw_msaa_image_mesh.webgpu_frag.spv	4d721534178e5f72e8beccec8b605f1fd4a0bb32e3286d5c8960ae31c7b815c9	retained	0
spirv-binary	out/generated/spirv/draw_msaa_image_mesh.webgpu_noclipdistance_vert.spv	ea0c51dadad3bfdc77ffae61767e2f3caff7f933e7c5d5125d37bca1c4dcd07d	retained	0
spirv-binary	out/generated/spirv/draw_msaa_image_mesh.webgpu_vert.spv	b05de18acf7951670d48300cbc6ced2d7afba8e59c457d229d696d4ef80c37a7	retained	0
spirv-binary	out/generated/spirv/draw_msaa_path.fixedcolor_frag.spv	275a6c1e92a1e461154020ed92a01d56740e6a4a6a752f4d142525110d3bdb1b	retained	0
spirv-binary	out/generated/spirv/draw_msaa_path.frag.spv	c3a06793a20f51e99fa1647810cdf261744cbfabd6642a098bed430597bedb3a	retained	0
spirv-binary	out/generated/spirv/draw_msaa_path.noclipdistance_vert.spv	b142156b1467299fa6f078af907adf704103ecc8f8f458b2e567fdc1ada72250	retained	0
spirv-binary	out/generated/spirv/draw_msaa_path.vert.spv	6afe5c52dd5bcd6c43a5b203824485bb2d086cf7158d1d6421ffe7f771ab27d8	retained	0
spirv-binary	out/generated/spirv/draw_msaa_path.webgpu_fixedcolor_frag.spv	5fd25ac2c3fa0bf0e2ca092d5322c0ad517dab2658fef561409e19f6b9206fb1	retained	0
spirv-binary	out/generated/spirv/draw_msaa_path.webgpu_frag.spv	bdfb841e532cc7903709d3c63b75b536dd582c3fb218d4662c37ce4562815f12	retained	0
spirv-binary	out/generated/spirv/draw_msaa_path.webgpu_noclipdistance_vert.spv	61ac946e2316bfdae93cff23e97f93f1730e81ee5eec150591f4efc7d33d9536	retained	0
spirv-binary	out/generated/spirv/draw_msaa_path.webgpu_nossbo_noclipdistance_vert.spv	ef92b1a3f4e687dd280a67bc24582f1bbba19dc801cb0f8d56db078e270da104	retained	0
spirv-binary	out/generated/spirv/draw_msaa_path.webgpu_nossbo_vert.spv	93893a6f8820bd4e07cb635141789334e74cf397548097bd55b8089e6fc0e9b9	retained	0
spirv-binary	out/generated/spirv/draw_msaa_path.webgpu_vert.spv	db5f39d70d7a9284d315a0cd2764aeee858daec5877e9a88ddd4337b31eee532	retained	0
spirv-binary	out/generated/spirv/draw_msaa_resolve.frag.spv	73e52c8358e15b8b9337aa95678f749f99135f428f9d6afed2e61b749ad7ec27	retained	0
spirv-binary	out/generated/spirv/draw_msaa_stencil.fixedcolor_frag.spv	5fb91781300b7046e167852b84caca15a151af8fe83b991e29f5ecc5749fb8a9	retained	0
spirv-binary	out/generated/spirv/draw_msaa_stencil.frag.spv	5fb91781300b7046e167852b84caca15a151af8fe83b991e29f5ecc5749fb8a9	retained	0
spirv-binary	out/generated/spirv/draw_msaa_stencil.noclipdistance_vert.spv	7784645ae594fc697820a0ac049ef52964eb1d29abb30ad828379a4a4bb8772b	retained	0
spirv-binary	out/generated/spirv/draw_msaa_stencil.vert.spv	7784645ae594fc697820a0ac049ef52964eb1d29abb30ad828379a4a4bb8772b	retained	0
spirv-binary	out/generated/spirv/draw_msaa_stencil.webgpu_fixedcolor_frag.spv	de6e89fbeef5453cd66a26d0e0dc6c4dfad01ff0cba7d4c7b1f8919219140e14	retained	0
spirv-binary	out/generated/spirv/draw_msaa_stencil.webgpu_frag.spv	de6e89fbeef5453cd66a26d0e0dc6c4dfad01ff0cba7d4c7b1f8919219140e14	retained	0
spirv-binary	out/generated/spirv/draw_msaa_stencil.webgpu_noclipdistance_vert.spv	7784645ae594fc697820a0ac049ef52964eb1d29abb30ad828379a4a4bb8772b	retained	0
spirv-binary	out/generated/spirv/draw_msaa_stencil.webgpu_vert.spv	7784645ae594fc697820a0ac049ef52964eb1d29abb30ad828379a4a4bb8772b	retained	0
spirv-binary	out/generated/spirv/draw_path.frag.spv	aa4cd0af51053deb24f66a082f2b5d56b8639911bd9b0640f52587b57ef3bd5d	retained	0
spirv-binary	out/generated/spirv/draw_path.vert.spv	6a4df734b8722dc4f27bed780109f4b176d9c7eaab24542a29642332420a7b39	retained	0
spirv-binary	out/generated/spirv/init_clockwise_atomic_workaround.fixedcolor_frag.spv	b5cb45248bf14b0e8ff0ad9e4db42f47b5eee207f378e8030ca9d2fac208779c	retained	0
spirv-binary	out/generated/spirv/init_clockwise_atomic_workaround.frag.spv	3e3f58fd51da3b95671dcafcb6b00622c090b1d46efc31973685709e47bb397a	retained	0
spirv-binary	out/generated/spirv/render_atlas.vert.spv	6212a69d6de6fa551e0b49b3bbcd0483ed9086e131617cd56b3e27c4774b924a	retained	0
spirv-binary	out/generated/spirv/render_atlas.webgpu_nossbo_vert.spv	0d44013d3af0119260c7729fa1d8a5bade47ee3a7a2e3018a8961b6580af2e12	retained	0
spirv-binary	out/generated/spirv/render_atlas.webgpu_vert.spv	e39e45617f61e3f6e517d16b83edd5a5990ef783dbd242dfc12a1bef7c57f1cf	retained	0
spirv-binary	out/generated/spirv/render_atlas_fill.frag.spv	5936478acb8c7eb76a0978c7c3bb48ea652b7f46ce78bac55c76208149b53df7	retained	0
spirv-binary	out/generated/spirv/render_atlas_fill.webgpu_frag.spv	e1a3bcbb9207d67c134368236dc2da5a124d69e755f015d3ca4f7e90f54e98b7	retained	0
spirv-binary	out/generated/spirv/render_atlas_stroke.frag.spv	7a0ee5d83948e7256399e11e06d4d148dfa49db3eb84f6b5f2b61d37954d0e24	retained	0
spirv-binary	out/generated/spirv/render_atlas_stroke.webgpu_frag.spv	0c151665982da5d3adff4c876662c74de2e8b276e88ec41d6c36f8b8673eea5d	retained	0
spirv-binary	out/generated/spirv/tessellate.frag.spv	62bfa66be916886ade46c60976cb015e2c90a89769689b1054d1bf9b94f74b83	retained	0
spirv-binary	out/generated/spirv/tessellate.vert.spv	666c892220e65e36850d38ffc0ff6f8cd4c4da55c6ca61a5abab4f2f27786371	retained	0
spirv-binary	out/generated/spirv/tessellate.webgpu_frag.spv	78fd214600f09d1d0d0d879fa79d326ab25e4f9e78f11b83916a4edcad5c1ca0	retained	0
spirv-binary	out/generated/spirv/tessellate.webgpu_nossbo_vert.spv	56e3703691f3843953dd40ec3ee86d60db2790ca546256ec1b2fb14d83e9fb0e	retained	0
spirv-binary	out/generated/spirv/tessellate.webgpu_vert.spv	66c3746310848ee92b6325283fe3435b448ad807700443cafc822fe84186d5dd	retained	0
spirv-header	out/generated/spirv/atomic_draw_atlas_blit.fixedcolor_frag.h	c47707ce6c3301714d89121024731482a253c77f20f5c20f37c0bdc3652f39e9	retained	1
spirv-header	out/generated/spirv/atomic_draw_atlas_blit.frag.h	de636aede54bca630b2f0111295adbee4ea3b592892ead629819d117ebde1cf9	retained	1
spirv-header	out/generated/spirv/atomic_draw_atlas_blit.vert.h	855a307e65aa9d12e53af212968019dadbceecda131cb37dd4d6d4e28f7c5dfd	retained	1
spirv-header	out/generated/spirv/atomic_draw_atlas_blit.webgpu_fixedcolor_frag.h	324037b9e8fefbbc7f88e6f7787480a863294a91337e5757bdb63151b4990c0f	retained	0
spirv-header	out/generated/spirv/atomic_draw_atlas_blit.webgpu_frag.h	9138bc5c11a44f528c4a4fff2c2438f76c0ca1766895bf5257732b5338fd474d	retained	0
spirv-header	out/generated/spirv/atomic_draw_atlas_blit.webgpu_vert.h	cab01bf9eb66b959a7c6f1e9a7718bddc5887c42ab32c750ff0b3259eccb6e07	retained	0
spirv-header	out/generated/spirv/atomic_draw_image_mesh.fixedcolor_frag.h	21e767697f7fa77a39e6db8f273f7831ee4266e85673a0bfb4f24371c7e3a1b5	retained	1
spirv-header	out/generated/spirv/atomic_draw_image_mesh.frag.h	0cc28677a927a33eae907a1355ce701e5adff7df635653b46e5fc75835c5cad3	retained	1
spirv-header	out/generated/spirv/atomic_draw_image_mesh.vert.h	b443b43882d926bf7ff48d778c191bcbe402bb50e39b89fb334187080fb58ba3	retained	1
spirv-header	out/generated/spirv/atomic_draw_image_mesh.webgpu_fixedcolor_frag.h	2a353e6fe26c954db64842aa836dcc9360b0b14b8c555b31e39792c7ed92499c	retained	0
spirv-header	out/generated/spirv/atomic_draw_image_mesh.webgpu_frag.h	7afc42711c852a59b53944e8af11d788136ac846e4ac4c4e3c375968116cfd47	retained	0
spirv-header	out/generated/spirv/atomic_draw_image_mesh.webgpu_vert.h	a7c8d3b60bb7c2984d80b1a8db052fd2ed5382cb03d03c602f5b00fe9673d399	retained	0
spirv-header	out/generated/spirv/atomic_draw_image_rect.fixedcolor_frag.h	92452ad36d276b10351d09b337730da06fc34a1b97d1daf33e69df707cb171e5	retained	1
spirv-header	out/generated/spirv/atomic_draw_image_rect.frag.h	46cf60d3677d6a0f2d619fcf8b770972f388b96dc51f6e39c5b1c13e1addf6d5	retained	1
spirv-header	out/generated/spirv/atomic_draw_image_rect.vert.h	499aed2b3e595b541fc5e14ecd66bd66acf3d786877a9d981687e91c652ea093	retained	1
spirv-header	out/generated/spirv/atomic_draw_image_rect.webgpu_fixedcolor_frag.h	4960ae4fb0d5386f42571887b5dd3d7726856221a134bed86f02598847986403	retained	0
spirv-header	out/generated/spirv/atomic_draw_image_rect.webgpu_frag.h	f5711068930318e04758ffa7a6d118ab863b6a684f89d6b19f97bb874d474722	retained	0
spirv-header	out/generated/spirv/atomic_draw_image_rect.webgpu_vert.h	17266e7ec1da40396a4a2d8e67c749db8e2909002b6deb7b21a44b77eb0a1152	retained	0
spirv-header	out/generated/spirv/atomic_draw_interior_triangles.fixedcolor_frag.h	084f76d1ef1d63bfffec69079dd6ca12000e344a1dd7138fe74a821899a75335	retained	1
spirv-header	out/generated/spirv/atomic_draw_interior_triangles.frag.h	f4e3edf9a33f805580a1e8b7f250f1884eeb4debc641378ed4bd768a2f206a19	retained	1
spirv-header	out/generated/spirv/atomic_draw_interior_triangles.vert.h	af4b3788e080abc6cd184cc12683c29dc97281b1dd12e07c83bf18ff3ad45e5f	retained	1
spirv-header	out/generated/spirv/atomic_draw_interior_triangles.webgpu_fixedcolor_frag.h	770a8873b8ae16019701fec897ca42b754ae2dcbfbcf0f03369f6a268da97c53	retained	0
spirv-header	out/generated/spirv/atomic_draw_interior_triangles.webgpu_frag.h	c9b7bf9d599d1b574b3e2bb144b95384368c1964909eb174f91a2b4247ea0060	retained	0
spirv-header	out/generated/spirv/atomic_draw_interior_triangles.webgpu_vert.h	9e4aa7fcc4e161cbf817f3253926441fe0e1caa464690e01f6892244b796f96b	retained	0
spirv-header	out/generated/spirv/atomic_draw_path.fixedcolor_frag.h	84745075bec8ad80025e80d2e29fe7f89a9bd31e8b910bbfe786fbd152147ada	retained	1
spirv-header	out/generated/spirv/atomic_draw_path.frag.h	06b1bd72263a8a1d4241819059840912ea681563795bbeae0785ebeafd4df2f5	retained	1
spirv-header	out/generated/spirv/atomic_draw_path.vert.h	fd9e321a50167edb7aabc083ecd1873d77b983166a692a3612ce3137d5dbe46a	retained	1
spirv-header	out/generated/spirv/atomic_draw_path.webgpu_fixedcolor_frag.h	4746c7d05ef5e140f5f1f6abd76d849c6286ac2c7d049996a894730c3ff63ef3	retained	0
spirv-header	out/generated/spirv/atomic_draw_path.webgpu_frag.h	9625021cba8ff5d47a95f12f2a5c225d789096978bda53714a2f23bdd363e29e	retained	0
spirv-header	out/generated/spirv/atomic_draw_path.webgpu_vert.h	2006af2fc42b43e0df9e39dfd3d6cba3aff93272af32d3c29169c5a1998ecdff	retained	0
spirv-header	out/generated/spirv/atomic_init.fixedcolor_frag.h	12e90d100058bc8d1f0a2d2629fa0383743780dc3632e6cae61dabc9ee339278	retained	0
spirv-header	out/generated/spirv/atomic_init.frag.h	c3fdca70f3406febc359261a3634957952cf9fd30bad1d234d04c3d6a3acbec9	retained	0
spirv-header	out/generated/spirv/atomic_init.vert.h	35818a16fc5802563bce3c95ea6d60edc723acbc254860082df10330b7c9c0f2	retained	0
spirv-header	out/generated/spirv/atomic_init.webgpu_fixedcolor_frag.h	78ca19f1beee2457b610a34a2b9688ecba36acc13372471fbf5c6969feee9de8	retained	0
spirv-header	out/generated/spirv/atomic_init.webgpu_frag.h	e9cbf8a9875bb709eee33a2ee666567872e53c22db9fbdb5fab5540fd71f1a58	retained	0
spirv-header	out/generated/spirv/atomic_init.webgpu_vert.h	ee4ad1c651eb8aca0689cac9f61eb1dd4f841d027f5c56d8c80edb55c92bdfc1	retained	0
spirv-header	out/generated/spirv/atomic_resolve.fixedcolor_frag.h	8cf472626777e54364d212d81a3f2388e27eeea2e74392d96be6f5e718bd1add	retained	1
spirv-header	out/generated/spirv/atomic_resolve.frag.h	51cf74e70b6446647882920075183b7d4e2031422c29194f8b3ebdf23ca109fe	retained	1
spirv-header	out/generated/spirv/atomic_resolve.vert.h	eaa5be08c5cccc9cf0f4da3f43467633752fcc9c5c49337a2c623fc5f388ece3	retained	1
spirv-header	out/generated/spirv/atomic_resolve.webgpu_fixedcolor_frag.h	9552e2e04c576feffa693a6ad15d074fcf730f6ed70bc5fb4404edbe4ce705cd	retained	0
spirv-header	out/generated/spirv/atomic_resolve.webgpu_frag.h	a7d8acafb78b0d580984d6a879043b3ab6ffdb634855b1e585044db64d6aa3c1	retained	0
spirv-header	out/generated/spirv/atomic_resolve.webgpu_vert.h	69a3b6f82c8810ec2abac21c28aaccf828920f1e89bf16f89b1425a6e95feee4	retained	0
spirv-header	out/generated/spirv/atomic_resolve_coalesced.frag.h	5cfdd489257c4f97fffc9dfd7d2e128285b9b3e8f166eae13937fba9280bedad	retained	1
spirv-header	out/generated/spirv/atomic_resolve_coalesced.vert.h	43826f3917dba7419b739aedaf95f85e5aaac8c544ec8daea1079eeac467274d	retained	1
spirv-header	out/generated/spirv/atomic_resolve_coalesced.webgpu_frag.h	de186fd6a8c0493a16ecd52efb5fee648c28e316d7f675c4cbb56643d8323b51	retained	0
spirv-header	out/generated/spirv/atomic_resolve_coalesced.webgpu_vert.h	957b4ce8a988099f6ac0e9871b574b31c0a1d649ac05dfba18cfe1cad783df27	retained	0
spirv-header	out/generated/spirv/blit_texture_as_draw_filtered.frag.h	ad7b6dd6e157a8f3175ddd7b256f65b5ab274468e450f48cdd5ae7445f939d71	retained	0
spirv-header	out/generated/spirv/blit_texture_as_draw_filtered.vert.h	0db7632b8ee5a9ef5baeabf1d4bc19707924745d3eddced43cf3fde85f4759b2	retained	0
spirv-header	out/generated/spirv/blit_texture_as_draw_filtered.webgpu_frag.h	2e6213ca34896fd30f6b1eddbe3503bb40d0dff3a5573a07046c7e55e0ffb9ad	retained	0
spirv-header	out/generated/spirv/blit_texture_as_draw_filtered.webgpu_vert.h	d44feafebe727abf418a32fd3ee6ca4740957909e71c28e083e13e528679d6b5	retained	0
spirv-header	out/generated/spirv/clear_clockwise_atomic_clip.fixedcolor_frag.h	716252202223be36fd2fb74b427647b8f6efaa1a11b35dabe5f2dfd442d4c78c	retained	1
spirv-header	out/generated/spirv/clear_clockwise_atomic_clip.frag.h	8042aea7c7fb9f2c90f25489af680fad4d9e733ca0b0b1fc0a03d970c9dfab83	retained	1
spirv-header	out/generated/spirv/clear_clockwise_atomic_clip.vert.h	891a4c5dc338fddd9445604d749ae0e0e5a9d8fcb9237e572a800a52857a80b2	retained	1
spirv-header	out/generated/spirv/color_ramp.frag.h	4bf3aa1e65b4cd32ab036f46f3f2abe3a7b9d45dcc8272e84aff44e7f1370258	retained	1
spirv-header	out/generated/spirv/color_ramp.vert.h	211c9190f43723f4b7db7a11681b74626c8adbfbc3d1171bddda7b98e9a42d60	retained	1
spirv-header	out/generated/spirv/draw_atlas_blit.frag.h	c325ba9a8422a6ea32edad6c7e81a98104d94d90447ab71820b4a9909e962a7d	retained	1
spirv-header	out/generated/spirv/draw_atlas_blit.vert.h	579200c8e16794fc36c5df6cff9f42c6588824dac1e403a4c83bda11c7cb141c	retained	1
spirv-header	out/generated/spirv/draw_clockwise_atlas_blit.fixedcolor_frag.h	fe89f0ef46bbbed7d29febc405fa69d3971260c8075e6367fa713024e4ddc981	retained	1
spirv-header	out/generated/spirv/draw_clockwise_atlas_blit.frag.h	2634cf96b6356d96693836475e3c02692e4c2bf77e1c9e0cefc4c3354d224e45	retained	1
spirv-header	out/generated/spirv/draw_clockwise_atlas_blit.vert.h	d4518199dd5c0b3ad78e966df023253e077b0838006c7f01223b7733a9c46f26	retained	1
spirv-header	out/generated/spirv/draw_clockwise_atomic_atlas_blit.fixedcolor_frag.h	bdc7b5e92430b51ec491015da764913a07573f93075974d111ab586331249d76	retained	1
spirv-header	out/generated/spirv/draw_clockwise_atomic_atlas_blit.frag.h	bdc280b14edc6252fb7d52ab053ef15e8aa23202712352875f61a510eba8ccec	retained	1
spirv-header	out/generated/spirv/draw_clockwise_atomic_atlas_blit.vert.h	d6329f424e73c25be697d32d901b66cd2f0f063e7821af0531e11993b20f5a63	retained	1
spirv-header	out/generated/spirv/draw_clockwise_atomic_borrowed_coverage.frag.h	6047c6093e9de3cdc816c81606659f66ccbca605077a1d70a8f28f61cf40a8cd	retained	1
spirv-header	out/generated/spirv/draw_clockwise_atomic_borrowed_coverage_interior_triangles.frag.h	298262c9ef2db40029f3c9f104972d182511974ad21f507d3b153e0bfe08c66b	retained	1
spirv-header	out/generated/spirv/draw_clockwise_atomic_clip.fixedcolor_frag.h	c162a903f9bd2e2ef9cc1793c9b454e05b5f8a370a3197884d55e94df6f5229c	retained	1
spirv-header	out/generated/spirv/draw_clockwise_atomic_clip.frag.h	acd93b94a2ad3ec1efc05d074d63e824095dbc9828b7b15a00d6cfa1bbcdeecd	retained	1
spirv-header	out/generated/spirv/draw_clockwise_atomic_clip_interior_triangles.fixedcolor_frag.h	46e7d31c0fa30bdc1c0a96e94b25f04a25ff711ea3de460da5ec2d48cf188f49	retained	1
spirv-header	out/generated/spirv/draw_clockwise_atomic_clip_interior_triangles.frag.h	edc309b2fa7cd94a080dd64bfbf85d4eb584e5efd1a5fecc3331d358c2182bab	retained	1
spirv-header	out/generated/spirv/draw_clockwise_atomic_image_mesh.fixedcolor_frag.h	2b7f1aac7003f86cf755c16121e486a7a4c14da569099e8015c284bb7b249b3a	retained	1
spirv-header	out/generated/spirv/draw_clockwise_atomic_image_mesh.frag.h	1815b13b15096aa1a5f2cd3e44ac1c5f2ff7cfefae269b1778485129c02e810a	retained	1
spirv-header	out/generated/spirv/draw_clockwise_atomic_image_mesh.vert.h	dad1bf9c01205600c90effeb749b0cb088f101f0927237a036911f47727b58b6	retained	1
spirv-header	out/generated/spirv/draw_clockwise_atomic_interior_triangles.fixedcolor_frag.h	fc39387dd09f6a902ea304f4ca391eaa44962bf17d01c6029703c9bdf4e935f4	retained	1
spirv-header	out/generated/spirv/draw_clockwise_atomic_interior_triangles.frag.h	fe3e9e4b44e8ef4ba95f385511375ab4978ba6e558cc9da091138f1223d7eeca	retained	1
spirv-header	out/generated/spirv/draw_clockwise_atomic_interior_triangles.vert.h	92ba3a0c74a563d21b4eee85b9e5de069348cd5e1db20005f564343802a798ab	retained	1
spirv-header	out/generated/spirv/draw_clockwise_atomic_path.fixedcolor_frag.h	3ee7dcb597f5134915111bb9b8aa38d8e6ccae948501baa06470dc9061b7e841	retained	1
spirv-header	out/generated/spirv/draw_clockwise_atomic_path.frag.h	2d5ff0f982b59cab4aaa873d45f06028af88daabedb9085845c0731856532da3	retained	1
spirv-header	out/generated/spirv/draw_clockwise_atomic_path.vert.h	77a2d2f9e9fc2f3a48bc0463f95468c91cdc390bda569990a5ade7a4be803053	retained	1
spirv-header	out/generated/spirv/draw_clockwise_clip.fixedcolor_frag.h	df03bc8d7a003c688427f6564fc3e447497d1f47b1c409ef4027fa365d84c11e	retained	1
spirv-header	out/generated/spirv/draw_clockwise_clip.frag.h	00e507ff9d54219c117a896c81858042b7623c2e082a4ac142a9aa6e2f8d8554	retained	1
spirv-header	out/generated/spirv/draw_clockwise_clip.vert.h	8f91e4ed19f4afdf23d5dd8b2f11f84eab14bd074833058688526a0aaea8d05e	retained	0
spirv-header	out/generated/spirv/draw_clockwise_clip_interior_triangles.fixedcolor_frag.h	5e56472e3e610ef7fb43541ab75537d662ca9bd3314c70540ba03bda5aa9e83d	retained	1
spirv-header	out/generated/spirv/draw_clockwise_clip_interior_triangles.frag.h	df9baebc34cd61b5e7bf523bc5f7c1b716cd5a2690161a242ac592e154892f66	retained	1
spirv-header	out/generated/spirv/draw_clockwise_clip_interior_triangles.vert.h	e7d09ebe42b6dad5cdbb130e3e4273d68bb916ac40eca5fe4a321c96e77058ae	retained	0
spirv-header	out/generated/spirv/draw_clockwise_image_mesh.fixedcolor_frag.h	982b883fdfa277b7ab18d601f259fe22a1452df00b822aa44828bb2c48d24eda	retained	1
spirv-header	out/generated/spirv/draw_clockwise_image_mesh.frag.h	b6cd6f22f64def22d6f78800317ef36332633c903e560771fe0d9a447737aae3	retained	1
spirv-header	out/generated/spirv/draw_clockwise_image_mesh.vert.h	4a2762b99ba7d467eff4b6ef08b8516cbeecfc1b2bc6fd500989a8ce89afadc2	retained	1
spirv-header	out/generated/spirv/draw_clockwise_interior_triangles.fixedcolor_frag.h	459421a45ab4fd4f58a9541dee26b5a144b0be41165bacec6d181d1cfc2ba35f	retained	1
spirv-header	out/generated/spirv/draw_clockwise_interior_triangles.frag.h	2019fdc6196211f0462e92f4d5b72e631ca87c47ffd1f4acd4ab58585be6bacf	retained	1
spirv-header	out/generated/spirv/draw_clockwise_interior_triangles.vert.h	6f2da41b89aa5b928bd17e170f38d8d7175f9e10afbe15f1297687bbb4496071	retained	1
spirv-header	out/generated/spirv/draw_clockwise_path.fixedcolor_frag.h	0ec287a1d8de44c2ed522c9c678958b29d96d336649f79081de127e48221a222	retained	1
spirv-header	out/generated/spirv/draw_clockwise_path.frag.h	204361c212ddc18485cfa6709be5aac0aa53487958a07a02de98e6d9e23094fa	retained	1
spirv-header	out/generated/spirv/draw_clockwise_path.vert.h	81aa004d74e584fe613b7559723007c6f0ab731863e6ddf0ffc6458e90c453a4	retained	1
spirv-header	out/generated/spirv/draw_fullscreen_quad.vert.h	a1f543eb71d3a1d8b21c2d0237c6dbecff8b0a132bdd0c4df1149ff1d28671bf	retained	1
spirv-header	out/generated/spirv/draw_image_mesh.frag.h	505c0d79f95fbbe9f3ca45e0efd1ec34a9d2c142a1c0ae70b4245fa47b875424	retained	1
spirv-header	out/generated/spirv/draw_image_mesh.vert.h	c4676753af9c33c445b56d5307a777c85ad61fe0eaea402451d19e1e30fc9241	retained	1
spirv-header	out/generated/spirv/draw_input_attachment.frag.h	90faf0ff01e1fe30ce8a9724db256a02d84b3d0d60c2405a93a00be022c5cf66	retained	1
spirv-header	out/generated/spirv/draw_interior_triangles.frag.h	ba5914218b1ab6d19681f61a5793249f8e35e9a93eea0cc56662e89ab06876f8	retained	1
spirv-header	out/generated/spirv/draw_interior_triangles.vert.h	2cb642be39d84bd554177996c186d1b262e82dad87cf79ddfaa906fee72f8e13	retained	1
spirv-header	out/generated/spirv/draw_msaa_atlas_blit.fixedcolor_frag.h	31fafa3119e551d3c50fb0ed8c367c93a00e01fb4f3363f1109d6cd9a8357be8	retained	1
spirv-header	out/generated/spirv/draw_msaa_atlas_blit.frag.h	7e43a274c25713a81a6816b0ed3e78980e132bb065dfcb1d104d0725dc1f0ad8	retained	1
spirv-header	out/generated/spirv/draw_msaa_atlas_blit.noclipdistance_vert.h	4fc83d472014754cbd7269f687ed73e9fa11355344d797ac92c5b734133b9668	retained	1
spirv-header	out/generated/spirv/draw_msaa_atlas_blit.vert.h	2f0d5fdf07ca3a2e448f66425e49a2b8d45b17b9d1e3b8fd497f66b395a260f9	retained	1
spirv-header	out/generated/spirv/draw_msaa_atlas_blit.webgpu_fixedcolor_frag.h	50db9e4aae71b1dffc3578fceacb09f9b36529349621e6fff3e0bea7f25f2737	retained	0
spirv-header	out/generated/spirv/draw_msaa_atlas_blit.webgpu_frag.h	7e60b40e67e267c6df0254e8b83c0365fb63ac5bf10e8f4f93684668611ffc3e	retained	0
spirv-header	out/generated/spirv/draw_msaa_atlas_blit.webgpu_noclipdistance_vert.h	f56b761cf7b56bd890c3398d1e3c9f728fb175bb4d2f41b4514791d2d42b4410	retained	0
spirv-header	out/generated/spirv/draw_msaa_atlas_blit.webgpu_nossbo_noclipdistance_vert.h	cc4410dcedf1361e99b66ad85326ec2905ade77a99af2a627dd5fd4ce4583923	retained	0
spirv-header	out/generated/spirv/draw_msaa_atlas_blit.webgpu_nossbo_vert.h	9df3b5a301d9561bfd778259f3143bbbbcf3d3aa4884615de1c09ab7e120c6cf	retained	0
spirv-header	out/generated/spirv/draw_msaa_atlas_blit.webgpu_vert.h	5a63282a62e9c4c7f3e96946d62ed5ab5f280515d5f93935bc748a17e633becd	retained	0
spirv-header	out/generated/spirv/draw_msaa_color_seed_attachment.frag.h	3ee33289688e79b68214659ae7b009e45fa895447fc69692b27b334e41e082c5	retained	1
spirv-header	out/generated/spirv/draw_msaa_image_mesh.fixedcolor_frag.h	6f1e68c9c9a96b57f4be35899b5d437a72c393e875dfc9ea029e0524d6c4a3c8	retained	1
spirv-header	out/generated/spirv/draw_msaa_image_mesh.frag.h	500ac09630aa535c7155b884fd7d31afa0584f9f33dfb172d0a6c1caafcb1844	retained	1
spirv-header	out/generated/spirv/draw_msaa_image_mesh.noclipdistance_vert.h	18899199636baa07c60396fbe5bae3d9ed222aeb60224fe54f78e2feaeeaa538	retained	1
spirv-header	out/generated/spirv/draw_msaa_image_mesh.vert.h	0afa088be212985b103d6dc34dee7859210bb221743237fb17434124467b4753	retained	1
spirv-header	out/generated/spirv/draw_msaa_image_mesh.webgpu_fixedcolor_frag.h	3038a2ad0a06466db9c2e2e9a184848564b4a83d9e3920935016d02186e7bf6c	retained	0
spirv-header	out/generated/spirv/draw_msaa_image_mesh.webgpu_frag.h	ec8fbc270fa9b13edb938815c0243437fb4c4cad3a90dd5738405e4aa34271b9	retained	0
spirv-header	out/generated/spirv/draw_msaa_image_mesh.webgpu_noclipdistance_vert.h	2c95754b71407e4619747ee2229bc0f09e6ea9f2077d447c0ee95c3947adbce7	retained	0
spirv-header	out/generated/spirv/draw_msaa_image_mesh.webgpu_vert.h	21f5a66f54306a46cde819c7532b3533e2cc8bacfdb881d0a877bdc93c5bd0cf	retained	0
spirv-header	out/generated/spirv/draw_msaa_path.fixedcolor_frag.h	8bd0a720ff78789fa972f05f8c6a0a419f13aaab6d73691e5ae0dff7b1c2947e	retained	1
spirv-header	out/generated/spirv/draw_msaa_path.frag.h	ca89a372f7ab4fe87b44a4c59023b6a01949783018aaf338af075d27556fefe5	retained	1
spirv-header	out/generated/spirv/draw_msaa_path.noclipdistance_vert.h	87762a8b923b8a7647387b9bdee156c3d33291e4026f1d900c3ef6654c66cc3c	retained	1
spirv-header	out/generated/spirv/draw_msaa_path.vert.h	48356a42e89a0c3e26c51d8dc828fd6b3444a03b557ac5ac9fd70a86a2e419c7	retained	1
spirv-header	out/generated/spirv/draw_msaa_path.webgpu_fixedcolor_frag.h	7bc16084632cfb305bd96cea27d7f3420c9b4968adb9602b9647a54379a13404	retained	0
spirv-header	out/generated/spirv/draw_msaa_path.webgpu_frag.h	e05067e49ab9481481c031d1b66bab1b111955831ed53bf05393efc722a97a03	retained	0
spirv-header	out/generated/spirv/draw_msaa_path.webgpu_noclipdistance_vert.h	01ceab1ca89835fe1d841a0f7615438aae6de671f18f6cffa475f5163ea1b516	retained	0
spirv-header	out/generated/spirv/draw_msaa_path.webgpu_nossbo_noclipdistance_vert.h	15de3768045975099b80888309fba01d0659bc12cf42039e4022f9e0d388df69	retained	0
spirv-header	out/generated/spirv/draw_msaa_path.webgpu_nossbo_vert.h	9395801fc788196cabff0a5e528b3d49c51222326da54681658b47196f30adad	retained	0
spirv-header	out/generated/spirv/draw_msaa_path.webgpu_vert.h	a8b7df78696a2201942f5c796533f1f5135b3e81815b8dd006d239f436aae813	retained	0
spirv-header	out/generated/spirv/draw_msaa_resolve.frag.h	0abb4a5318af782c04664df2f7ff90494bf76b520f05a943fb99a2ee8294e1b7	retained	1
spirv-header	out/generated/spirv/draw_msaa_stencil.fixedcolor_frag.h	008b8c7c7999730d42f421e52f35317bac1170c3bc940b8a6197729754b34d4c	retained	1
spirv-header	out/generated/spirv/draw_msaa_stencil.frag.h	3a9b77d3cf91c7f0aa007a7f26bedaee49b6b0711534f2ae6ae38d08c7fe739e	retained	1
spirv-header	out/generated/spirv/draw_msaa_stencil.noclipdistance_vert.h	48b71e09846e4cae0efa3a168a739cfa4b3ff535bf3db99ace70554fc4a0c2ba	retained	0
spirv-header	out/generated/spirv/draw_msaa_stencil.vert.h	298dae0034d647a7fd4eb8038503374c5060dce0bf29d4b2e9bbc150e987864d	retained	1
spirv-header	out/generated/spirv/draw_msaa_stencil.webgpu_fixedcolor_frag.h	f26fab7bb97125cf2bedcab976c042d82223e3e1c9c09c4a00cdfc3ad55d53dc	retained	0
spirv-header	out/generated/spirv/draw_msaa_stencil.webgpu_frag.h	cb0baa1f5e0b2aa204c5e3a7fd7b9b64ba7b9f7ddda8e5b135fdf1d63278ef64	retained	0
spirv-header	out/generated/spirv/draw_msaa_stencil.webgpu_noclipdistance_vert.h	d60686ec13e1302b9b1c986a0293bb2b5153995e68c8c114b6a006edd4fe2e9f	retained	0
spirv-header	out/generated/spirv/draw_msaa_stencil.webgpu_vert.h	46026e0d2952c68ef211b52c5ec975ecdc132c49959795b0e648387d7d15c7cd	retained	0
spirv-header	out/generated/spirv/draw_path.frag.h	5ad56e0534be76241708635bca542b7ce8703f1a267c86cf9b50e9de670bc60a	retained	1
spirv-header	out/generated/spirv/draw_path.vert.h	6fc70e0c335b6630a8bcb515a5f6ed8f15a8731fff0eb29ddad39e4f0312729d	retained	1
spirv-header	out/generated/spirv/init_clockwise_atomic_workaround.fixedcolor_frag.h	2553f3f0ceba6e12c48e46bc21f65060b100e0e009872b942c72721db3151ceb	retained	1
spirv-header	out/generated/spirv/init_clockwise_atomic_workaround.frag.h	0fe90cb7c74500950fb140b5dfe28d52d9beffaa1790571c93cdd8de05fd91fa	retained	1
spirv-header	out/generated/spirv/render_atlas.vert.h	38d6d1f209e9c67819029985d85614665fe7ea0b49b3d0b2ef48c863ab64a09d	retained	1
spirv-header	out/generated/spirv/render_atlas.webgpu_nossbo_vert.h	0c499bff3e275c4f6e4b8f90bd7fa2ea4ac791613758ed7ca1986dee7807f8ee	retained	0
spirv-header	out/generated/spirv/render_atlas.webgpu_vert.h	e902ac990f0967f80a66f85b37fecae604921fdfcd85e17efaf58a96ce3120a3	retained	0
spirv-header	out/generated/spirv/render_atlas_fill.frag.h	af8f4de930281c7a3012d8b458b97608b9c420862084dc50bf778bbfe7c9892a	retained	1
spirv-header	out/generated/spirv/render_atlas_fill.webgpu_frag.h	29a0f4d2742f786a98bb4827652249c97bf43a64d3d8e200e1661d2051bf8301	retained	0
spirv-header	out/generated/spirv/render_atlas_stroke.frag.h	24f96ec97f6632ac57f2e5405ee8a5ca74c2ce95261b510b510aaf624cc57ccb	retained	1
spirv-header	out/generated/spirv/render_atlas_stroke.webgpu_frag.h	644475426b43326d3060736945bf3a45471e7defbba5430385de9c2ab4ce7934	retained	0
spirv-header	out/generated/spirv/tessellate.frag.h	b4292fa056f41e5a514db9c0d2e759f60eca9e8eca39ee5645a59962a5bb4935	retained	1
spirv-header	out/generated/spirv/tessellate.vert.h	cdb5d9de9dfe642341380a71e217d2ac92e49b303237fbad6dfe4ef7582149b6	retained	1
spirv-header	out/generated/spirv/tessellate.webgpu_frag.h	37d97867e6e80bcff3ff0f12281f51d14fabfbee62a82e6a4ba014108178558d	retained	0
spirv-header	out/generated/spirv/tessellate.webgpu_nossbo_vert.h	1532e485cc80148b6b93c3d34c985f87f1abf492260c0e7dfa05fd98be318e01	retained	0
spirv-header	out/generated/spirv/tessellate.webgpu_vert.h	cbea82791998f689c6d18e3bbe7ebfe6681f3288ca0736e6bdc9694a91657fdb	retained	0
wgsl-header	out/generated/wgsl/atomic_draw_atlas_blit.webgpu_fixedcolor_frag.hpp	8c24bc7273c267fa24a9c119dbebed424c995fef39362e480273b75d9316e60a	retained	1
wgsl-header	out/generated/wgsl/atomic_draw_atlas_blit.webgpu_frag.hpp	86ab125edb7fe3f640a9b1ddf88bd61e6cd17f03395837d1d14e9fa62741dc5c	retained	1
wgsl-header	out/generated/wgsl/atomic_draw_atlas_blit.webgpu_vert.hpp	90b55a260d1beeaf3b83a197ae6a9a0dfc7129c2d10c5332dd45b660f187a0be	retained	1
wgsl-header	out/generated/wgsl/atomic_draw_image_mesh.webgpu_fixedcolor_frag.hpp	e8d689b40d9e1f14cbd38429bf71c6dbee59182dfd14fe4a6aaa0ab156937a81	retained	1
wgsl-header	out/generated/wgsl/atomic_draw_image_mesh.webgpu_frag.hpp	a9f5cb8ac9a578a3b7e62e9a5abf433311fa918e568c779de1956463e556183d	retained	1
wgsl-header	out/generated/wgsl/atomic_draw_image_mesh.webgpu_vert.hpp	73c87225400c80eb82c8aa06c2d800d04aa5e4b4987220343989af493a6df7a0	retained	1
wgsl-header	out/generated/wgsl/atomic_draw_image_rect.webgpu_fixedcolor_frag.hpp	906edf2cf10b78ea138315ffb47f763ae38adaca5ae7265a5d0e3fa2ddf874c1	retained	1
wgsl-header	out/generated/wgsl/atomic_draw_image_rect.webgpu_frag.hpp	11fa7b96c3d95dd6b015c2e9cd21dd9d16a4d702ac8dc9663560460aba843054	retained	1
wgsl-header	out/generated/wgsl/atomic_draw_image_rect.webgpu_vert.hpp	d735961c308951b5d14eb00f8ecaa66803df6067727bc476acbf8e68f74daedb	retained	1
wgsl-header	out/generated/wgsl/atomic_draw_interior_triangles.webgpu_fixedcolor_frag.hpp	db2c00e5be1f04490a5e5f3c28339bcf488d70f1862b76b4ee58ec35d1689754	retained	1
wgsl-header	out/generated/wgsl/atomic_draw_interior_triangles.webgpu_frag.hpp	fa21a7685689e81c4d2364a9bf07f4ed344af0ee5e2ed77e71fd244157f80456	retained	1
wgsl-header	out/generated/wgsl/atomic_draw_interior_triangles.webgpu_vert.hpp	d7157a07717acd7bcab2a4eb05ef30169ba78fb22799c4a539fb123e1a66e586	retained	1
wgsl-header	out/generated/wgsl/atomic_draw_path.webgpu_fixedcolor_frag.hpp	ddc049662e1cb6b5367bb4cf59206cb32d5901e00d6f5c41fa37372c73a9eace	retained	1
wgsl-header	out/generated/wgsl/atomic_draw_path.webgpu_frag.hpp	204f701e1b482c14bbf0059c5d048b73b70f18406a14def23632ef3f5251972b	retained	1
wgsl-header	out/generated/wgsl/atomic_draw_path.webgpu_vert.hpp	cbd9c4e193a08065ba1cd2a4e916685a0e7f99730d76920f60e168bc66279247	retained	1
wgsl-header	out/generated/wgsl/atomic_init.webgpu_fixedcolor_frag.hpp	d17c2c696270eba67938c6e32871c6ec0d8ac6fa85f46257f5c029043866b025	retained	1
wgsl-header	out/generated/wgsl/atomic_init.webgpu_frag.hpp	fd5cafa113bc9854b8dab23ea8d86bc30651022c0d2bb9b50ba7577a687f4b06	retained	1
wgsl-header	out/generated/wgsl/atomic_init.webgpu_vert.hpp	cd0b18168add0dc0ac12e653ab076224890246a3cc8120a68f6a86adcf605380	retained	1
wgsl-header	out/generated/wgsl/atomic_resolve.webgpu_fixedcolor_frag.hpp	302814bbc429e53a596edc6829361581650f000fecef21ed458678d6a95f8095	retained	1
wgsl-header	out/generated/wgsl/atomic_resolve.webgpu_frag.hpp	3b68aa8ad5e31976adad06e9e04d37e5c9efd092bc8dad95435d49ef4fc04173	retained	0
wgsl-header	out/generated/wgsl/atomic_resolve.webgpu_vert.hpp	e7ded838f1ae9f34a602a4474a8b1acead6d1707c20d7627ae6522aabf64f2fe	retained	1
wgsl-header	out/generated/wgsl/atomic_resolve_coalesced.webgpu_frag.hpp	47369c7b12832416383ae6d73c9215af12a0f894f4459810b1314cf936f34d77	retained	1
wgsl-header	out/generated/wgsl/atomic_resolve_coalesced.webgpu_vert.hpp	9ba14120df948f462644f5482720ecb22970d0efd32e6491a5994fa8535e65ef	retained	1
wgsl-header	out/generated/wgsl/blit_texture_as_draw_filtered.webgpu_frag.hpp	02f8d8e637564c0b45f36d476eb07521403da6e6720a4f68711cfaf2d49207b2	retained	1
wgsl-header	out/generated/wgsl/blit_texture_as_draw_filtered.webgpu_vert.hpp	f886b2bf68bcf675ba09cce5e1d118f8614d518b13355120dfca270663cfc41a	retained	1
wgsl-header	out/generated/wgsl/color_ramp.frag.hpp	5ea8bf6c0e1a8c99b98347af53420265daf260b570fe304f2e754ea6c5990ac7	retained	1
wgsl-header	out/generated/wgsl/color_ramp.vert.hpp	322619ba2aca429f641370bfd762b19383ff87c58a4183b108890ffb1a201cc1	retained	1
wgsl-header	out/generated/wgsl/draw_msaa_atlas_blit.webgpu_fixedcolor_frag.hpp	f8177c0fb0901412c0b2b61beed93dfb3437697c0f2e7dbf0067e41657a73762	retained	1
wgsl-header	out/generated/wgsl/draw_msaa_atlas_blit.webgpu_frag.hpp	e321ac0d9be1ac1bac85401f613bbe21a19237049feef471ff88b3feb5cbe8e0	retained	1
wgsl-header	out/generated/wgsl/draw_msaa_atlas_blit.webgpu_noclipdistance_vert.hpp	445fa19088795415fae4a086b76efb37e1839c7881b96740ac2c39b1b951c142	retained	1
wgsl-header	out/generated/wgsl/draw_msaa_atlas_blit.webgpu_nossbo_noclipdistance_vert.hpp	dc40e95544cfedbc50a1089e8579edc9bcf350563f9a792e740a25f8c20d9c0c	retained	1
wgsl-header	out/generated/wgsl/draw_msaa_atlas_blit.webgpu_nossbo_vert.hpp	a7b1fa384e7d260fe523822250b9d39c8dfdd4ab0115da1b73eef8339527fc8d	retained	1
wgsl-header	out/generated/wgsl/draw_msaa_atlas_blit.webgpu_vert.hpp	b621e5554ff49eb704627ea4a91e8d3ad56f797417c70a47d67343fe1d8e08ea	retained	1
wgsl-header	out/generated/wgsl/draw_msaa_image_mesh.webgpu_fixedcolor_frag.hpp	2e13c927df5b37df1c3ea08fb1b3fedaa8bbaf6fa3f9c49632b190909968ce58	retained	1
wgsl-header	out/generated/wgsl/draw_msaa_image_mesh.webgpu_frag.hpp	3a2d496f5e1fa651c29932317d2a138513e1a40952cb769a43c0e28e5698d98a	retained	1
wgsl-header	out/generated/wgsl/draw_msaa_image_mesh.webgpu_noclipdistance_vert.hpp	df200bf4f46ed0ca5e99ee498084e6bd04122a6e033fecbfe545b98d6a30f225	retained	1
wgsl-header	out/generated/wgsl/draw_msaa_image_mesh.webgpu_vert.hpp	a5436e26a54a9f78b74e0294ed03c0a2462b0aaa9910b13c101fe78aaf6e9daf	retained	1
wgsl-header	out/generated/wgsl/draw_msaa_path.webgpu_fixedcolor_frag.hpp	afe5f8d195628bd386d454ec230990d54141cb54213fef739c4550657fd209a4	retained	1
wgsl-header	out/generated/wgsl/draw_msaa_path.webgpu_frag.hpp	341e0178ee739b7496df8d9566d4f6b9602e268819b2539cbd61001c99533cd2	retained	1
wgsl-header	out/generated/wgsl/draw_msaa_path.webgpu_noclipdistance_vert.hpp	56a5d04381a0e6bb968f62d8022699d39d86a98f989c65f7509f7721cd471a0c	retained	1
wgsl-header	out/generated/wgsl/draw_msaa_path.webgpu_nossbo_noclipdistance_vert.hpp	ce37784720d2f5e9b5fd05d17fb51accd5c35376580a20bef3d656765fe13085	retained	1
wgsl-header	out/generated/wgsl/draw_msaa_path.webgpu_nossbo_vert.hpp	586be2d8b5dc8e69a4f0e5733529b1ff70618c78a7186eb12c9c7a958f14f9cd	retained	1
wgsl-header	out/generated/wgsl/draw_msaa_path.webgpu_vert.hpp	ae61c19425138a0ffd59c55421232eacacb4b6725f9056e4339c390b7dfe9694	retained	1
wgsl-header	out/generated/wgsl/draw_msaa_stencil.frag.hpp	980ee0d66395cc3e4525a50b0d3aa2662a521611990e81b66becd1034f186de0	retained	1
wgsl-header	out/generated/wgsl/draw_msaa_stencil.vert.hpp	c7915952fca1b3d63b8cfd2a3d942620186dd0d67ffad993ccd2c94fc56e99c5	retained	1
wgsl-header	out/generated/wgsl/draw_msaa_stencil.webgpu_fixedcolor_frag.hpp	516bf1f0a205fc70510f635af8daa85da7b31b1e62ed895e36911d7bece96003	retained	0
wgsl-header	out/generated/wgsl/draw_msaa_stencil.webgpu_frag.hpp	809e84e5da2f1a93857e1d3d05f484c4164e1a0c396b823a1d5b6253b2de0e7b	retained	0
wgsl-header	out/generated/wgsl/draw_msaa_stencil.webgpu_noclipdistance_vert.hpp	1b9108f598df08307f7d38c27712f0646b1fec6942f86dd45a026cc0f96d85cf	retained	0
wgsl-header	out/generated/wgsl/draw_msaa_stencil.webgpu_vert.hpp	e74d7819e49b5a4789763914544da3f1e7efe39201b64c192058a112b5503718	retained	0
wgsl-header	out/generated/wgsl/render_atlas.webgpu_nossbo_vert.hpp	829edfba0a94cef46f3ac4df6c4a870de2bb772ce20636e1bfeef358bc0dafae	retained	1
wgsl-header	out/generated/wgsl/render_atlas.webgpu_vert.hpp	7e56a82293d4e59a157b46ec70a0dc15d1ee27d15c4c466cc35f1f7329516ad3	retained	1
wgsl-header	out/generated/wgsl/render_atlas_fill.webgpu_frag.hpp	b4ec13fd015aad56f0fa326d9e2d7a0a12842ce21f08c13e0aa8318f7898e396	retained	1
wgsl-header	out/generated/wgsl/render_atlas_stroke.webgpu_frag.hpp	9580669e60da8a1dbe88cb6282a461d3a68b5118b38da7868d475f4f3d7bdcb2	retained	1
wgsl-header	out/generated/wgsl/tessellate.webgpu_frag.hpp	d0a6806247252dc58111cbe0e91a1328f602cdd1c32a020b8e462510ba237c2b	retained	1
wgsl-header	out/generated/wgsl/tessellate.webgpu_nossbo_vert.hpp	e3558e4b91e3d8e8597db05e20e76558a6aa5568a161ba58e39e52fc20f2f2b3	retained	1
wgsl-header	out/generated/wgsl/tessellate.webgpu_vert.hpp	86c39818f8a07f8c5995ec262c750612120d801765aaa7286c159a4251e7e2b1	retained	1
wgsl-source	out/generated/wgsl/atomic_draw_atlas_blit.webgpu_fixedcolor_frag.wgsl	fefd00775a996f77a6a3b3f7dba68cd6f7db46146ca5096c41020759d5d506c0	retained	0
wgsl-source	out/generated/wgsl/atomic_draw_atlas_blit.webgpu_frag.wgsl	c86c94fe9ae70bfcaafe85465cdd18b3567f9b1836cf9b984ec52f622319d5c2	retained	0
wgsl-source	out/generated/wgsl/atomic_draw_atlas_blit.webgpu_vert.wgsl	cde35390dd51ddc6eccb628e6f8caa70618bfdcecffb938c515c903dbbb943e8	retained	0
wgsl-source	out/generated/wgsl/atomic_draw_image_mesh.webgpu_fixedcolor_frag.wgsl	e77b8c716422dde24dbd84f89341ce4bc56a7405c5dc23a478ae19ad97da43fd	retained	0
wgsl-source	out/generated/wgsl/atomic_draw_image_mesh.webgpu_frag.wgsl	c766bb2e3d96b6566819b68ef386360b4b8eb983f6c9c1dccb3264ed65068751	retained	0
wgsl-source	out/generated/wgsl/atomic_draw_image_mesh.webgpu_vert.wgsl	0180376b46e8b42a8d855ae964784d843205d1f4d7b0260cafa846204e1f2b95	retained	0
wgsl-source	out/generated/wgsl/atomic_draw_image_rect.webgpu_fixedcolor_frag.wgsl	dea80d3b5149695f03495e3144eeda9f5628ed3938be8384f1b3ac3417521467	retained	0
wgsl-source	out/generated/wgsl/atomic_draw_image_rect.webgpu_frag.wgsl	bb114f0d100e01711b6c6172597009adcc023fa2b9ffc4292f506494afa5c557	retained	0
wgsl-source	out/generated/wgsl/atomic_draw_image_rect.webgpu_vert.wgsl	60d75c6cc01c5477271be444800625894eed5bef2cc5cb16099f4a773ad34c29	retained	0
wgsl-source	out/generated/wgsl/atomic_draw_interior_triangles.webgpu_fixedcolor_frag.wgsl	01dd2c22c37578c8e1b682f378f4fd0a5b553848b67be1bf0b65afc38bab3a88	retained	0
wgsl-source	out/generated/wgsl/atomic_draw_interior_triangles.webgpu_frag.wgsl	d6e261d15d9760b56210b861e7f3e34f1e40bcdb1690e6d3f0bbc36dd020b43c	retained	0
wgsl-source	out/generated/wgsl/atomic_draw_interior_triangles.webgpu_vert.wgsl	5f446fce3e84c06cb63461d66c91e5dcb4c5ddbfd0e428fc2c3184dd06d45e55	retained	0
wgsl-source	out/generated/wgsl/atomic_draw_path.webgpu_fixedcolor_frag.wgsl	1c95329e78c23871673be43fdab46badca347d2b3450f357a7cbfe56c6aa75d1	retained	0
wgsl-source	out/generated/wgsl/atomic_draw_path.webgpu_frag.wgsl	d8624ff669294a97ee40e711f40d78fa12ca543d9b96f1644bc36b32a85d345c	retained	0
wgsl-source	out/generated/wgsl/atomic_draw_path.webgpu_vert.wgsl	3e6de7942ad51f0072d689740b6629a54a03bb0a79795c5826cb9c348b88320e	retained	0
wgsl-source	out/generated/wgsl/atomic_init.webgpu_fixedcolor_frag.wgsl	8927311ac5a180e765c903d74f4b01ad5cdaba5d5e7dc9d61b3a398c0457251e	retained	0
wgsl-source	out/generated/wgsl/atomic_init.webgpu_frag.wgsl	dd126258797e1d1aa2692d25cabfa4ab9528f57f394793ec35f343bb180f76e3	retained	0
wgsl-source	out/generated/wgsl/atomic_init.webgpu_vert.wgsl	3c23a2f908997db3a49c8647b8314e7079b1e6655691bfae84f3c942c5eed602	retained	0
wgsl-source	out/generated/wgsl/atomic_resolve.webgpu_fixedcolor_frag.wgsl	dc3e30bf6481cd669e75f79907d8697d4b9957744501d8c00c8823456cd4e722	retained	0
wgsl-source	out/generated/wgsl/atomic_resolve.webgpu_frag.wgsl	6f4facc98d9a2ee69d9f29769897ec6a8f01933bfec26f9ce8a05f0a29ae19c3	retained	0
wgsl-source	out/generated/wgsl/atomic_resolve.webgpu_vert.wgsl	3c23a2f908997db3a49c8647b8314e7079b1e6655691bfae84f3c942c5eed602	retained	0
wgsl-source	out/generated/wgsl/atomic_resolve_coalesced.webgpu_frag.wgsl	60e02eb451ce67387a15f79f6fa2a7183a273a4950e2eb49affc4383af406f84	retained	0
wgsl-source	out/generated/wgsl/atomic_resolve_coalesced.webgpu_vert.wgsl	3c23a2f908997db3a49c8647b8314e7079b1e6655691bfae84f3c942c5eed602	retained	0
wgsl-source	out/generated/wgsl/blit_texture_as_draw_filtered.webgpu_frag.wgsl	0228dea61cc5e24d9b95720c5e82fca18430d1e30012691c1e80576015ff213d	retained	0
wgsl-source	out/generated/wgsl/blit_texture_as_draw_filtered.webgpu_vert.wgsl	8b5e0564a42afe4f3d8a67892135142235cbaf88977ea97c9f9a0fd5b138fc59	retained	0
wgsl-source	out/generated/wgsl/color_ramp.frag.wgsl	a4f01798f5f6717beffc0554b87ba1c93fbf7ec75d7ddecc07008409f71c0b66	retained	0
wgsl-source	out/generated/wgsl/color_ramp.vert.wgsl	67701b539fe86059b9dafab44bc296f930381bf01e440796c169249792fb77eb	retained	0
wgsl-source	out/generated/wgsl/draw_msaa_atlas_blit.webgpu_fixedcolor_frag.wgsl	a08514cfc46bd1d3a82577e66e350efe49e2e3a2ac20846c07746779571dcc34	retained	0
wgsl-source	out/generated/wgsl/draw_msaa_atlas_blit.webgpu_frag.wgsl	8580a3d731e43f2edc0df08e438a05d0ef642d7bc45d4f4623774f4e0ac05f7f	retained	0
wgsl-source	out/generated/wgsl/draw_msaa_atlas_blit.webgpu_noclipdistance_vert.wgsl	7efdb9e9d5df69ce68bd61af6ab4bd7f53a35bbfac4871e5cfa9d99776a46a6e	retained	0
wgsl-source	out/generated/wgsl/draw_msaa_atlas_blit.webgpu_nossbo_noclipdistance_vert.wgsl	-	ephemeral-final-header-retained	0
wgsl-source	out/generated/wgsl/draw_msaa_atlas_blit.webgpu_nossbo_vert.wgsl	-	ephemeral-final-header-retained	0
wgsl-source	out/generated/wgsl/draw_msaa_atlas_blit.webgpu_vert.wgsl	883c081730894ff25bd8eeb351c6ae7f4f8c368b694f8d24377ce0f6c58d481a	retained	0
wgsl-source	out/generated/wgsl/draw_msaa_image_mesh.webgpu_fixedcolor_frag.wgsl	c23c1fabd4cc7527a0ab4ec2e42595ad3111586a266bdb914f59e71069620b0e	retained	0
wgsl-source	out/generated/wgsl/draw_msaa_image_mesh.webgpu_frag.wgsl	d0fea0d46c573e62debd2d3193d7e17d185ece9f17abc64ee1c30ed0254af2b6	retained	0
wgsl-source	out/generated/wgsl/draw_msaa_image_mesh.webgpu_noclipdistance_vert.wgsl	5ceb4764c34a573503de5d1e5c7b37af37971d895b2db194be6006cf8dae43d5	retained	0
wgsl-source	out/generated/wgsl/draw_msaa_image_mesh.webgpu_vert.wgsl	4b85507e6051b7fe677c9d8ad43e06bb6de1370528568c6900374e2119fd4869	retained	0
wgsl-source	out/generated/wgsl/draw_msaa_path.webgpu_fixedcolor_frag.wgsl	7d248801ef0613ff0a8688e9eea0c2de9bd9f0741be77f2394aaa3a7267ce67a	retained	0
wgsl-source	out/generated/wgsl/draw_msaa_path.webgpu_frag.wgsl	d3f097d65aaad82dcf45f38d6a9a804df9999a0c36671717648126437e552efa	retained	0
wgsl-source	out/generated/wgsl/draw_msaa_path.webgpu_noclipdistance_vert.wgsl	36dc42dc3bc6eab97cf1ea689e6ac54c1ef86d743a7fdc82e7520c4a4e877d35	retained	0
wgsl-source	out/generated/wgsl/draw_msaa_path.webgpu_nossbo_noclipdistance_vert.wgsl	-	ephemeral-final-header-retained	0
wgsl-source	out/generated/wgsl/draw_msaa_path.webgpu_nossbo_vert.wgsl	-	ephemeral-final-header-retained	0
wgsl-source	out/generated/wgsl/draw_msaa_path.webgpu_vert.wgsl	d6a01ee6dfdd8f4a08bb2c71e02a53b3ef7c463849a28496d5605f1e59a9201a	retained	0
wgsl-source	out/generated/wgsl/draw_msaa_stencil.frag.wgsl	7edebb870dae1a132a66a8021cf03c8b09c6c571789c809333a5d76cb016f2c3	retained	0
wgsl-source	out/generated/wgsl/draw_msaa_stencil.vert.wgsl	62f8b7c0e14e3d76c1bf5cb7d8a0ef92fc819aa748c6c71e4131282f76767cb9	retained	0
wgsl-source	out/generated/wgsl/draw_msaa_stencil.webgpu_fixedcolor_frag.wgsl	7ef278cc60e7491216396ea5b47cd641a5f31dbfae96f290d799d1bf27a5e3d2	retained	0
wgsl-source	out/generated/wgsl/draw_msaa_stencil.webgpu_frag.wgsl	7ef278cc60e7491216396ea5b47cd641a5f31dbfae96f290d799d1bf27a5e3d2	retained	0
wgsl-source	out/generated/wgsl/draw_msaa_stencil.webgpu_noclipdistance_vert.wgsl	62f8b7c0e14e3d76c1bf5cb7d8a0ef92fc819aa748c6c71e4131282f76767cb9	retained	0
wgsl-source	out/generated/wgsl/draw_msaa_stencil.webgpu_vert.wgsl	62f8b7c0e14e3d76c1bf5cb7d8a0ef92fc819aa748c6c71e4131282f76767cb9	retained	0
wgsl-source	out/generated/wgsl/render_atlas.webgpu_nossbo_vert.wgsl	-	ephemeral-final-header-retained	0
wgsl-source	out/generated/wgsl/render_atlas.webgpu_vert.wgsl	df94834cb75e3887f25ee6708bec6b1d7732989104850023e791a7c7bebce79e	retained	0
wgsl-source	out/generated/wgsl/render_atlas_fill.webgpu_frag.wgsl	a64ac2d92048fc48452e354bda3fcd4f29f11f600a64de2eb843f5f2d6ae634c	retained	0
wgsl-source	out/generated/wgsl/render_atlas_stroke.webgpu_frag.wgsl	f85400834a776e3e1d4dd51ce8a3ec14fe44da7c27f42254a210bfd32338901d	retained	0
wgsl-source	out/generated/wgsl/tessellate.webgpu_frag.wgsl	a24465bd2b139e1ad7608c1f3f7c21ed6c987ec304f8565f67dd77a2fafc8929	retained	0
wgsl-source	out/generated/wgsl/tessellate.webgpu_nossbo_vert.wgsl	-	ephemeral-final-header-retained	0
wgsl-source	out/generated/wgsl/tessellate.webgpu_vert.wgsl	6e27bd32207c962789d5bcc7c83d1e4f15f83da13a25eac1a9f99be16e966f7f	retained	0
