source_path	source_sha256	evidence_kind	evidence_count	cutover_disposition	cutover_status
crates/nuxie-renderer/src/advanced_composite.wgsl	4e530b7d884d1d200d055f9d2d8aefaa4be6545ca61def7ebd4dffe0f32435a6	wgsl-artifact	1	delete	complete
crates/nuxie-renderer/src/apple_surface.rs	86df889dcc469435c4c7ebe042090d0423e888a3d75c9e9bccdddff658568b8b	direct-rust-wgpu-owner-or-callsite	1	delete	complete
crates/nuxie-renderer/src/apple_wgpu_policy.rs	c804e47be9667b3e6e4fd9001af9ff6b1d7c1d5df69a265f9874f66cabfba322	direct-rust-wgpu-owner-or-callsite	13	delete	complete
crates/nuxie-renderer/src/atlas_blit_oracle.rs	13cb8c7c0031a590ff45c69140af31d103f2bb4657833d683b91e631dec660b1	direct-rust-wgpu-owner-or-callsite	1	delete	complete
crates/nuxie-renderer/src/atlas_mask_oracle.rs	d32e5e12a0e8289978e58102289c570d29b88bb632a061f90303daf44543b1a5	direct-rust-wgpu-owner-or-callsite	1	delete	complete
crates/nuxie-renderer/src/atlas_pipeline.rs	4c6174df5b87703b177e23c9ecd8388e5d4ef1c9a5c018df31fe49ff41ed6950	direct-rust-wgpu-owner-or-callsite	90	delete	complete
crates/nuxie-renderer/src/atomic_pipeline.rs	318dc94445c711b95d434b85a5ae7379ec28e1ad5046dcd5b599e6192152af3f	direct-rust-wgpu-owner-or-callsite	292	delete	complete
crates/nuxie-renderer/src/clockwise_atomic_pipeline.rs	6fd5a8178498a8abb9d26e7c468fbaaf0021aa2d0598fa30fc819b8cbec49219	direct-rust-wgpu-owner-or-callsite	260	delete	complete
crates/nuxie-renderer/src/composite.wgsl	1583ea33f35d09362b2e9eb90a715e180d045d11afa5242850a141cff0efd083	wgsl-artifact	1	delete	complete
crates/nuxie-renderer/src/composite_pipeline.rs	6e8679493c8eb0e9273c5df809e497232b1afa4bccd3dd293522005569d78f15	direct-rust-wgpu-owner-or-callsite	104	delete	complete
crates/nuxie-renderer/src/direct_grid_oracle.rs	2ce1b6db4024132ac7a24bf189eb83d24a8ff45797f16f864519801875227236	direct-rust-wgpu-owner-or-callsite	18	delete	complete
crates/nuxie-renderer/src/draw.rs	ccaa380391ebbfd7d99b2f1d437e5adc17cd684c1136825414c4de277da33fb5	direct-rust-wgpu-owner-or-callsite	23	retain-shared-exact-source-support	complete
crates/nuxie-renderer/src/feather_lut.rs	2b92671ceb636d241461192b664e5295b1df1a1511abba9ed4b0a30dd96ed1d0	direct-rust-wgpu-owner-or-callsite	19	retain-metal-source-parity-test-support	complete
crates/nuxie-renderer/src/generated/atomic_draw_atlas_blit.webgpu_fixedcolor_frag.wgsl	8ba53d51f7f6a06c489a3dabd75e4c678c5b66f138919a1844c78ea4a73a9b2e	wgsl-artifact	1	retain-exact-webgpu-generated-input	complete
crates/nuxie-renderer/src/generated/atomic_draw_atlas_blit.webgpu_frag.wgsl	e195e6f237a6646eb52680c10a2364577e6d46e3ef1afa77902a7e42358403cc	wgsl-artifact	1	retain-exact-webgpu-generated-input	complete
crates/nuxie-renderer/src/generated/atomic_draw_atlas_blit.webgpu_vert.wgsl	268d10637b4acaa66951fe09f9de78e59d22da4b27a5d14695e121cce44e87c9	wgsl-artifact	1	retain-exact-webgpu-generated-input	complete
crates/nuxie-renderer/src/generated/atomic_draw_image_mesh.webgpu_fixedcolor_frag.wgsl	1017d04b57482631731632422130aace0427c1ed4f62ca1204a92f06bb682dbf	wgsl-artifact	1	retain-exact-webgpu-generated-input	complete
crates/nuxie-renderer/src/generated/atomic_draw_image_mesh.webgpu_frag.wgsl	90c28df5765d0a74390267cec25d3309723fdb191c16d03186d3399e346c3200	wgsl-artifact	1	retain-exact-webgpu-generated-input	complete
crates/nuxie-renderer/src/generated/atomic_draw_image_mesh.webgpu_vert.wgsl	7f58dbada5aa6dbd7096abab897d837f6be8c91ca905f585fdb2dbfa25a69cd2	wgsl-artifact	1	retain-exact-webgpu-generated-input	complete
crates/nuxie-renderer/src/generated/atomic_draw_image_rect.webgpu_fixedcolor_frag.wgsl	4830713a68fac3d963b146116ee8fcf72bfb308ef8ae83712edd3e0a6ffb4555	wgsl-artifact	1	retain-exact-webgpu-generated-input	complete
crates/nuxie-renderer/src/generated/atomic_draw_image_rect.webgpu_frag.wgsl	6fa51152cb8904c1ef2503b7abba74bb99d25dd268b178ed3dd0ce8d5e21bc01	wgsl-artifact	1	retain-exact-webgpu-generated-input	complete
crates/nuxie-renderer/src/generated/atomic_draw_image_rect.webgpu_vert.wgsl	ebdf68498de4ff9a98cda25b72569bfe7a76b7391f543b7610f4db22eae87897	wgsl-artifact	1	retain-exact-webgpu-generated-input	complete
crates/nuxie-renderer/src/generated/atomic_draw_interior_triangles.webgpu_fixedcolor_frag.wgsl	1163ca29e0a9d4db31d4ba0d6f29a79d1b5b001e90cb41ebca629e0ae09641fd	wgsl-artifact	1	retain-exact-webgpu-generated-input	complete
crates/nuxie-renderer/src/generated/atomic_draw_interior_triangles.webgpu_frag.wgsl	2db4ac4a917c3f53117b720ce6b0e330644342e2a439caebcfe6f36c29b79c00	wgsl-artifact	1	retain-exact-webgpu-generated-input	complete
crates/nuxie-renderer/src/generated/atomic_draw_interior_triangles.webgpu_vert.wgsl	26690784392449c50544146e9df2ee73535b660cb1f0ff82c3adb3715c845c19	wgsl-artifact	1	retain-exact-webgpu-generated-input	complete
crates/nuxie-renderer/src/generated/atomic_draw_path.webgpu_fixedcolor_frag.wgsl	342148ac93b4500a92b96a048b8df32eac9c61e9a8d65328528268800d587e2f	wgsl-artifact	1	retain-exact-webgpu-generated-input	complete
crates/nuxie-renderer/src/generated/atomic_draw_path.webgpu_frag.wgsl	252f5f6a7396586a7056c8784ded173d3e314d2bdfa3cced3caee9900c750e9e	wgsl-artifact	1	retain-exact-webgpu-generated-input	complete
crates/nuxie-renderer/src/generated/atomic_draw_path.webgpu_vert.wgsl	106373dcac0bcdfa4f1bd094129291b4d9d45d67ae34bc67f2c45dbadd53c194	wgsl-artifact	1	retain-exact-webgpu-generated-input	complete
crates/nuxie-renderer/src/generated/atomic_init.webgpu_fixedcolor_frag.wgsl	6281f200529e2082dbeaefb338e1ddaf7c6dfd7d3f0e5e4e56a6094bea53a688	wgsl-artifact	1	retain-exact-webgpu-generated-input	complete
crates/nuxie-renderer/src/generated/atomic_init.webgpu_frag.wgsl	08c2177cce6ec0445aea3e917501fc3abc3a1ae5dfe898cc9abdbb3af1dd5751	wgsl-artifact	1	retain-exact-webgpu-generated-input	complete
crates/nuxie-renderer/src/generated/atomic_init.webgpu_vert.wgsl	e3a8cb8d14c57cba602ec838493d1d4d1c05216074c0b8d65937ff1ad87cbb28	wgsl-artifact	1	retain-exact-webgpu-generated-input	complete
crates/nuxie-renderer/src/generated/atomic_resolve.webgpu_fixedcolor_frag.wgsl	6e78eec26ec1fdf92c28ef06fd15787618ea913b196f15bf2ba23547e21ff7c7	wgsl-artifact	1	retain-exact-webgpu-generated-input	complete
crates/nuxie-renderer/src/generated/atomic_resolve.webgpu_frag.wgsl	71bd9df8e3edc555d28ef9b878f5cde8049b452b1118d936ce7039293d8742cb	wgsl-artifact	1	retain-exact-webgpu-generated-input	complete
crates/nuxie-renderer/src/generated/atomic_resolve.webgpu_vert.wgsl	e3a8cb8d14c57cba602ec838493d1d4d1c05216074c0b8d65937ff1ad87cbb28	wgsl-artifact	1	retain-exact-webgpu-generated-input	complete
crates/nuxie-renderer/src/generated/atomic_resolve_coalesced.webgpu_frag.wgsl	30b5655377e7e9d8d95d27870382f8e71931cb5323fdb3d3679fd52204fce9f7	wgsl-artifact	1	retain-exact-webgpu-generated-input	complete
crates/nuxie-renderer/src/generated/atomic_resolve_coalesced.webgpu_vert.wgsl	e3a8cb8d14c57cba602ec838493d1d4d1c05216074c0b8d65937ff1ad87cbb28	wgsl-artifact	1	retain-exact-webgpu-generated-input	complete
crates/nuxie-renderer/src/generated/blit_texture_as_draw_filtered.webgpu_frag.wgsl	a6ce41c43ebfa1941a9e8f78f6e4957fab2d4b17691f54925f2957bdeb6e552f	wgsl-artifact	1	retain-exact-webgpu-generated-input	complete
crates/nuxie-renderer/src/generated/blit_texture_as_draw_filtered.webgpu_vert.wgsl	5276e3e865891e2635972dc7b745e1c466549875572074d2f72c4dff8d6ffade	wgsl-artifact	1	retain-exact-webgpu-generated-input	complete
crates/nuxie-renderer/src/generated/clockwise_atomic_draw_clip.webgpu_fixedcolor_frag.wgsl	aefc2143de24ac08859d4663f72ad1e28d11826ed33485838348a192233c14d8	wgsl-artifact	1	retain-exact-webgpu-generated-input	complete
crates/nuxie-renderer/src/generated/clockwise_atomic_draw_clip_interior_triangles.webgpu_fixedcolor_frag.wgsl	1775060e923e1407ddf9f783162a316ff5b6178a0e2a34c3f3b647fe4fef1635	wgsl-artifact	1	retain-exact-webgpu-generated-input	complete
crates/nuxie-renderer/src/generated/clockwise_atomic_draw_interior_triangles.webgpu_fixedcolor_frag.wgsl	3e5a6bb98adcd7d3164091803ca8800b599c01bb8b8853e108cf434fdd69eaf2	wgsl-artifact	1	retain-exact-webgpu-generated-input	complete
crates/nuxie-renderer/src/generated/clockwise_atomic_draw_interior_triangles.webgpu_vert.wgsl	1b457fdde7c4faedb57097b8a1d3624e561364f11ca91314ff02e0b98dd0210d	wgsl-artifact	1	retain-exact-webgpu-generated-input	complete
crates/nuxie-renderer/src/generated/clockwise_atomic_draw_interior_triangles_borrowed.webgpu_frag.wgsl	68076ddf5fa78e2da9d9ca1bad3b8113b597cf9d9dc7a46ee8368f8e04308742	wgsl-artifact	1	retain-exact-webgpu-generated-input	complete
crates/nuxie-renderer/src/generated/clockwise_atomic_draw_interior_triangles_sampled_clip.webgpu_fixedcolor_frag.wgsl	60d4766c0c3344a87ba342c96aa1dc4151ee9c3a896ff820adb69799a2f94246	wgsl-artifact	1	retain-exact-webgpu-generated-input	complete
crates/nuxie-renderer/src/generated/clockwise_atomic_draw_path.webgpu_fixedcolor_frag.wgsl	f3f4d7b8812747c0106db5948be1b4c6486785a1c14fa06cb792c19cf1fa1ce2	wgsl-artifact	1	retain-exact-webgpu-generated-input	complete
crates/nuxie-renderer/src/generated/clockwise_atomic_draw_path.webgpu_vert.wgsl	482b0245f3ca222dad1881aab5b0480eeebb4bba61a9d1117792fa92fedaa9c7	wgsl-artifact	1	retain-exact-webgpu-generated-input	complete
crates/nuxie-renderer/src/generated/clockwise_atomic_draw_path_borrowed.webgpu_frag.wgsl	f095582d6a992c61485615282e3dbabdd2c26b347afda864796b20318d78b8a9	wgsl-artifact	1	retain-exact-webgpu-generated-input	complete
crates/nuxie-renderer/src/generated/clockwise_atomic_draw_path_sampled_clip.webgpu_fixedcolor_frag.wgsl	7aa12529465bfa7369fa9dea8041b525557893cb5d80757c7def1fe88b2f3847	wgsl-artifact	1	retain-exact-webgpu-generated-input	complete
crates/nuxie-renderer/src/generated/color_ramp.frag.wgsl	3eda477aacd43703689460644613bc245e66d49f2f93f361ae3c3f62dc1a0024	wgsl-artifact	1	retain-exact-webgpu-generated-input	complete
crates/nuxie-renderer/src/generated/color_ramp.vert.wgsl	135a8ebbfe0f2a8f7a9f87cda550c4a4d427945a716c5d8c9201ef6ae4c79230	wgsl-artifact	1	retain-exact-webgpu-generated-input	complete
crates/nuxie-renderer/src/generated/draw_msaa_atlas_blit.webgpu_fixedcolor_frag.wgsl	0a96da4c3860ada11ee36cb3963a011ee892054debaaccbbab485e82f89d1a87	wgsl-artifact	1	retain-exact-webgpu-generated-input	complete
crates/nuxie-renderer/src/generated/draw_msaa_atlas_blit.webgpu_frag.wgsl	897912c22d988a6cffe6fc6ffe8fd3bd6a212ed5616c556fc43886ab735b5e94	wgsl-artifact	1	retain-exact-webgpu-generated-input	complete
crates/nuxie-renderer/src/generated/draw_msaa_atlas_blit.webgpu_noclipdistance_vert.wgsl	3d89a81214a47a658bf47f22d9529547a4c76e6c2f251627d1f5f4d93aea6f9b	wgsl-artifact	1	retain-exact-webgpu-generated-input	complete
crates/nuxie-renderer/src/generated/draw_msaa_atlas_blit.webgpu_nossbo_noclipdistance_vert.wgsl	652163f2babdc8c7d828b804c47e91b248fd31ec3769c8084ad77d602ff14cd1	wgsl-artifact	1	retain-exact-webgpu-generated-input	complete
crates/nuxie-renderer/src/generated/draw_msaa_atlas_blit.webgpu_nossbo_vert.wgsl	dbc71b5daae7008cb2dc0f4f4809d7ff90b783cf153b80ce548477167967ed51	wgsl-artifact	1	retain-exact-webgpu-generated-input	complete
crates/nuxie-renderer/src/generated/draw_msaa_atlas_blit.webgpu_vert.wgsl	f8100cc842b0b302b426a907cc937985267e43d820781788e39f21dd31c74899	wgsl-artifact	1	retain-exact-webgpu-generated-input	complete
crates/nuxie-renderer/src/generated/draw_msaa_image_mesh.webgpu_fixedcolor_frag.wgsl	e424f94a84e8aad6e5cd0b4ef2ffd47e9dd46a98c60412e67aba927a8055cc9b	wgsl-artifact	1	retain-exact-webgpu-generated-input	complete
crates/nuxie-renderer/src/generated/draw_msaa_image_mesh.webgpu_frag.wgsl	ee8a39456140f43e4930280b94bbf84587cf5182804a098eae121d2ce40e355c	wgsl-artifact	1	retain-exact-webgpu-generated-input	complete
crates/nuxie-renderer/src/generated/draw_msaa_image_mesh.webgpu_noclipdistance_vert.wgsl	80290e42906d3fae37390a347fe0e7b32841112c5df4eb841bfbc0e04aa832ec	wgsl-artifact	1	retain-exact-webgpu-generated-input	complete
crates/nuxie-renderer/src/generated/draw_msaa_image_mesh.webgpu_vert.wgsl	f00c26185e6ff78b5a01438d9b7003798f5891dc20d9faf77040b9d2a447d806	wgsl-artifact	1	retain-exact-webgpu-generated-input	complete
crates/nuxie-renderer/src/generated/draw_msaa_path.webgpu_fixedcolor_frag.wgsl	3b718dfc1f13fe31c84615796ae930ed6be58f9a09d65b8f2f79e62b80bac97b	wgsl-artifact	1	retain-exact-webgpu-generated-input	complete
crates/nuxie-renderer/src/generated/draw_msaa_path.webgpu_frag.wgsl	1e24e38b794e5025e49981152bf83481a18623916ee77c157ac86bb98cb26af4	wgsl-artifact	1	retain-exact-webgpu-generated-input	complete
crates/nuxie-renderer/src/generated/draw_msaa_path.webgpu_noclipdistance_vert.wgsl	0ff0dc642b8cb3880ef077afdc102e64165d4c606a1e27986e7fa5959599167f	wgsl-artifact	1	retain-exact-webgpu-generated-input	complete
crates/nuxie-renderer/src/generated/draw_msaa_path.webgpu_nossbo_noclipdistance_vert.wgsl	6d4db6941d41c388f7c43466824ebfa759fc0a8deceb12553dd5293f1b49429f	wgsl-artifact	1	retain-exact-webgpu-generated-input	complete
crates/nuxie-renderer/src/generated/draw_msaa_path.webgpu_nossbo_vert.wgsl	87fb4feeb456ad7deda32108abed98c1c100e937401ffac44fb1a1e4be46770d	wgsl-artifact	1	retain-exact-webgpu-generated-input	complete
crates/nuxie-renderer/src/generated/draw_msaa_path.webgpu_vert.wgsl	b8ed43bed4d267f9accc8f66bd9a50dc620ca9213d35d5edeb938a03c88b9b78	wgsl-artifact	1	retain-exact-webgpu-generated-input	complete
crates/nuxie-renderer/src/generated/draw_msaa_stencil.frag.wgsl	19c24a23587f68a9f76393a440a0d49066c6b1db12dba2ff4a5fcb1ecc52cfe8	wgsl-artifact	1	retain-exact-webgpu-generated-input	complete
crates/nuxie-renderer/src/generated/draw_msaa_stencil.vert.wgsl	48281d6430ba5d445e2302682d90753d657cbdb69be809aa8ceee8c9dd4cf646	wgsl-artifact	1	retain-exact-webgpu-generated-input	complete
crates/nuxie-renderer/src/generated/draw_msaa_stencil.webgpu_fixedcolor_frag.wgsl	20e6453356b95f2d8edad1d92437361ddb8b9c127d143bdd1ee264cc5893d817	wgsl-artifact	1	retain-exact-webgpu-generated-input	complete
crates/nuxie-renderer/src/generated/draw_msaa_stencil.webgpu_frag.wgsl	20e6453356b95f2d8edad1d92437361ddb8b9c127d143bdd1ee264cc5893d817	wgsl-artifact	1	retain-exact-webgpu-generated-input	complete
crates/nuxie-renderer/src/generated/draw_msaa_stencil.webgpu_noclipdistance_vert.wgsl	48281d6430ba5d445e2302682d90753d657cbdb69be809aa8ceee8c9dd4cf646	wgsl-artifact	1	retain-exact-webgpu-generated-input	complete
crates/nuxie-renderer/src/generated/draw_msaa_stencil.webgpu_vert.wgsl	48281d6430ba5d445e2302682d90753d657cbdb69be809aa8ceee8c9dd4cf646	wgsl-artifact	1	retain-exact-webgpu-generated-input	complete
crates/nuxie-renderer/src/generated/render_atlas.webgpu_nossbo_vert.wgsl	5d261b7e49e3ce458f6310845288b9c4e842ed19a579c597bb2ef964c93203ad	wgsl-artifact	1	retain-exact-webgpu-generated-input	complete
crates/nuxie-renderer/src/generated/render_atlas.webgpu_vert.wgsl	5a11a6adb350656fad418aeb33c23fbdc3cbfbb4c50965f8d8ad0ba9a72c6e0e	wgsl-artifact	1	retain-exact-webgpu-generated-input	complete
crates/nuxie-renderer/src/generated/render_atlas_fill.webgpu_frag.wgsl	d91872a41aab0f8aebd775e4d7ed79a648fbc17f55b479003bb21efe61de3a0c	wgsl-artifact	1	retain-exact-webgpu-generated-input	complete
crates/nuxie-renderer/src/generated/render_atlas_stroke.webgpu_frag.wgsl	ebb88adb8bd50449931cb138d9de119bcd09f119279954c1626a08ef405d645b	wgsl-artifact	1	retain-exact-webgpu-generated-input	complete
crates/nuxie-renderer/src/generated/tessellate.webgpu_frag.wgsl	c1ea894e7eaed8595c0b0dc2f5f0550bb423af6a4e729e9e1520580096f5b787	wgsl-artifact	1	retain-exact-webgpu-generated-input	complete
crates/nuxie-renderer/src/generated/tessellate.webgpu_nossbo_vert.wgsl	edb8a919f45d5e9812ea8f87949b389ce1133d3a56064b2096bc9811d95b430c	wgsl-artifact	1	retain-exact-webgpu-generated-input	complete
crates/nuxie-renderer/src/generated/tessellate.webgpu_vert.wgsl	b63f3f6e858d0c895e9f10a40836420a9efd54fd84310f271a802d7a6e18859e	wgsl-artifact	1	retain-exact-webgpu-generated-input	complete
crates/nuxie-renderer/src/gpu.rs	fe726946a71103c734f2caf2611b4b435c80868cb075beb23a351c4bda0083fb	direct-rust-wgpu-owner-or-callsite	50	retain-shared-exact-source-support	complete
crates/nuxie-renderer/src/gpu_canvas.rs	7c523b2b0b51b7a310bc0f9dd9c6a66d013346e5ec6f13b682f5f1862b311737	direct-rust-wgpu-owner-or-callsite	394	delete	complete
crates/nuxie-renderer/src/gpu_canvas_shader.rs	a69e79a6495e53058440edaf82ea9b724a9b8b8458511d140feb4fea3422d71b	direct-rust-wgpu-owner-or-callsite	17	delete	complete
crates/nuxie-renderer/src/gr_triangulator.rs	ced2d2df63c696bec440e9b3bddb47fde3adbaa100f166b7f01c1b43bf84eac3	direct-rust-wgpu-owner-or-callsite	8	retain-shared-exact-source-support	complete
crates/nuxie-renderer/src/gradient_pipeline.rs	cb2ae43c15a8afee0df83639a417a404ef68b3315b3ec47349b6219a3a1f7312	direct-rust-wgpu-owner-or-callsite	39	delete	complete
crates/nuxie-renderer/src/lib.rs	34c8476d70bebc64af69b79fc980c55f8a182c42f6172216e290eb7f886b5101	direct-rust-wgpu-owner-or-callsite	407	replace-with-explicit-exact-root	complete
crates/nuxie-renderer/src/logical_frame.rs	958223fc3ceacea00279cfa878ce673f199e4e33853262d4becc1f02807d9175	direct-rust-wgpu-owner-or-callsite	1	delete	complete
crates/nuxie-renderer/src/metal.rs	5d7bc3f71a54e3dd386816381e7bdd2b3e640aa1b13a2e4e5dccd5eb6b9ebd58	direct-rust-wgpu-owner-or-callsite	48	delete	complete
crates/nuxie-renderer/src/mipmap_pipeline.rs	8489b8c01155ce09b2da881e74b01e52bceff0d35051b27f8fb0d21a5013e590	direct-rust-wgpu-owner-or-callsite	47	delete	complete
crates/nuxie-renderer/src/msaa_atlas_pipeline.rs	d731bf347b38c08c244c158afdf57ab9efacf0661ec94b361ef0756b445fa2ef	direct-rust-wgpu-owner-or-callsite	104	delete	complete
crates/nuxie-renderer/src/msaa_image_mesh_pipeline.rs	5ef685264446a48bd29b652933950cbd4950426ab870455e06ba474e380421fc	direct-rust-wgpu-owner-or-callsite	98	delete	complete
crates/nuxie-renderer/src/msaa_stencil_pipeline.rs	eb7fd6f7c3410c97201c4408617279aaaae05f0bcc1868b3609bdc906b1cc6f4	direct-rust-wgpu-owner-or-callsite	63	delete	complete
crates/nuxie-renderer/src/native_apple_surface.rs	277d5be950a6b30532cdb421c719eedccd06f620336148017030d79b7026f3e5	direct-rust-wgpu-owner-or-callsite	1	retain-exact-metal-product-root	complete
crates/nuxie-renderer/src/native_root.rs	b5161cea65a076314c184798f2fc16c3fb89280e943a77ac5faafce8826a29be	direct-rust-wgpu-owner-or-callsite	2	retain-shared-exact-product-root	complete
crates/nuxie-renderer/src/path_pipeline.rs	c1e50de6ea65ceaf9e85e87def89363f49b553cc995ef640e515354bd3b173bf	direct-rust-wgpu-owner-or-callsite	206	delete	complete
crates/nuxie-renderer/src/present_pipeline.rs	7fcac0f39d50d0798d4a55dd5a204a65e5d280c1fcafcdddabbf5e88b3959d2f	direct-rust-wgpu-owner-or-callsite	39	delete	complete
crates/nuxie-renderer/src/presentation.rs	841f927f05f159a5508b229fe5f47eeaaf8bfda64cdd0443456f9710c5f6e653	direct-rust-wgpu-owner-or-callsite	21	delete	complete
crates/nuxie-renderer/src/renderer_types.rs	7590a950f0ce91226dd2922e7818c05380f41c6f76f1ab8b64e257ee3a58b89f	direct-rust-wgpu-owner-or-callsite	2	retain-shared-exact-product-root	complete
crates/nuxie-renderer/src/shader_catalog.rs	c5f6fd789eb97e6f0cada56a7cbf56f0e1ec92947ff67d19c157ac12369d6364	direct-rust-wgpu-owner-or-callsite	5	delete	complete
crates/nuxie-renderer/src/solid.wgsl	6f63b856261643a6277edde6b1ab5b21737d8eccf4408da0d218fab5136862fe	wgsl-artifact	1	delete	complete
crates/nuxie-renderer/src/storage_texture.rs	7bb76bca112ac11eb390a41bcfc3b617f23278fe6c4b55d970fb5682287847dd	direct-rust-wgpu-owner-or-callsite	43	delete	complete
crates/nuxie-renderer/src/surface_present.wgsl	f011bb7d3b615def5b844d2461ff6c1958fcf0630c5c9f2d0e1db7fc8418ec26	wgsl-artifact	1	delete	complete
crates/nuxie-renderer/src/tessellator.rs	89295f4bd316813a64da02e61fd79a9f1efa72ba345aee70b2e48a30cff13080	direct-rust-wgpu-owner-or-callsite	171	delete	complete
crates/nuxie-renderer/src/work_metrics.rs	256e1c5ec442639e7a30b73232dae9b7b49c475c92b2cdf74fc456c33a4fb30d	direct-rust-wgpu-owner-or-callsite	41	delete	complete
