campaign	source_path	source_sha256	ownership_unit	source_role	port_disposition	target_path	mapping_status	translation_status
shader-build-authority	renderer/make_dawn.sh	d858f043c468c9c256e985b3a8a81f62dbd884d79c9ef7000cbcd7c884da7aa0	dependency:dawn	build-input	shared-authority	crates/nuxie-renderer/src/mechanical_port/shader-build-authority/renderer_make_dawn_sh__build_input.rs	exclusive	pending
shader-build-authority	renderer/make_moltenvk.sh	10e70a3f5f378fff23f09ffc11d853c48ddc044fd310f2b3fb71a79b5683f80b	dependency:moltenvk	build-input	shared-authority	crates/nuxie-renderer/src/mechanical_port/shader-build-authority/renderer_make_moltenvk_sh__build_input.rs	exclusive	pending
shader-build-authority	renderer/make_swiftshader.sh	c046e447bd6d0753829b69e0824679b07ed4f0329bad7c651b2b917edf1aabe2	dependency:swiftshader	build-input	shared-authority	crates/nuxie-renderer/src/mechanical_port/shader-build-authority/renderer_make_swiftshader_sh__build_input.rs	exclusive	pending
shader-build-authority	renderer/premake5.lua	8ae326a887fd81dd76cdc56382497a3a3905e5c92bfe3976aed7e333eb1878a1	build:renderer	build-input	shared-authority	crates/nuxie-renderer/src/mechanical_port/shader-build-authority/renderer_premake5_lua__build_input.rs	exclusive	pending
shader-build-authority	renderer/premake5_pls_renderer.lua	e00b0483a6c09608ef3ad8c61f1b30b3ef00e78722bc3e1228db7ee741d22c84	build:pls_renderer	build-input	shared-authority	crates/nuxie-renderer/src/mechanical_port/shader-build-authority/renderer_premake5_pls_renderer_lua__build_input.rs	exclusive	pending
shader-build-authority	renderer/src/shaders/Makefile	ec5d0d98d78051e98cda80f92cd67858cb1fb70be64cddd8ad13bcd4ad5f50fc	shader:build_graph	build-input	shared-authority	crates/nuxie-renderer/src/mechanical_port/shader-build-authority/renderer_src_shaders_makefile__build_input.rs	exclusive	pending
shader-build-authority	renderer/src/shaders/advanced_blend.glsl	d7f8d9cec8e095c7e6d331a9f3ba48cdb18ea63f961d9223e3dfc509bcd8794b	shader:source:advanced_blend	generated-input	shared-authority	crates/nuxie-renderer/src/mechanical_port/shader-build-authority/renderer_src_shaders_advanced_blend_glsl__generated_input.rs	exclusive	pending
shader-build-authority	renderer/src/shaders/atomic_draw.glsl	fad587733e5990e4ba77e194326dacaf27022026f9621e58a1aac2c131935849	shader:source:atomic_draw	generated-input	shared-authority	crates/nuxie-renderer/src/mechanical_port/shader-build-authority/renderer_src_shaders_atomic_draw_glsl__generated_input.rs	exclusive	pending
shader-build-authority	renderer/src/shaders/bezier_utils.glsl	c18b0d2aac6f33dff72a6f17bdcc4b40ee337651fa0ecdd104e85641701e385f	shader:source:bezier_utils	generated-input	shared-authority	crates/nuxie-renderer/src/mechanical_port/shader-build-authority/renderer_src_shaders_bezier_utils_glsl__generated_input.rs	exclusive	pending
shader-build-authority	renderer/src/shaders/blit_texture_as_draw.glsl	c9d6ab3c8911900a246d22484ad4dbda0a050ba76d74353c9a514d3ca7da3515	shader:source:blit_texture_as_draw	generated-input	shared-authority	crates/nuxie-renderer/src/mechanical_port/shader-build-authority/renderer_src_shaders_blit_texture_as_draw_glsl__generated_input.rs	exclusive	pending
shader-build-authority	renderer/src/shaders/clear_clockwise_atomic_clip.glsl	75e9b26beb81bf9279a78e13c0510dca4e60f704ad9710ae368c116b1aa13da6	shader:source:clear_clockwise_atomic_clip	generated-input	shared-authority	crates/nuxie-renderer/src/mechanical_port/shader-build-authority/renderer_src_shaders_clear_clockwise_atomic_clip_glsl__generated_input.rs	exclusive	pending
shader-build-authority	renderer/src/shaders/color_ramp.glsl	65d0e8610193de1a7bf02722bcc153f04474e0d57644a35fd56291333ee8fde1	shader:source:color_ramp	generated-input	shared-authority	crates/nuxie-renderer/src/mechanical_port/shader-build-authority/renderer_src_shaders_color_ramp_glsl__generated_input.rs	exclusive	pending
shader-build-authority	renderer/src/shaders/common.glsl	37d9f72c2ec84a9a24b42d8798c56c77e396c7b57a39f24edece8c95fe8b3881	shader:source:common	generated-input	shared-authority	crates/nuxie-renderer/src/mechanical_port/shader-build-authority/renderer_src_shaders_common_glsl__generated_input.rs	exclusive	pending
shader-build-authority	renderer/src/shaders/constants.glsl	eefc0b9115beb4fe87b85431b0c683fdec73244c044278e97fdba0c96014bb56	shader:source:constants	generated-input	shared-authority	crates/nuxie-renderer/src/mechanical_port/shader-build-authority/renderer_src_shaders_constants_glsl__generated_input.rs	exclusive	pending
shader-build-authority	renderer/src/shaders/draw_clockwise_atomic_borrowed_coverage.frag	ddb9ef796b76b9d6bd2e743a0766aaf6b66732f124d1ddfcc80d2951db970a92	shader:source:draw_clockwise_atomic_borrowed_coverage	generated-input	shared-authority	crates/nuxie-renderer/src/mechanical_port/shader-build-authority/renderer_src_shaders_draw_clockwise_atomic_borrowed_coverage_frag__generated_input.rs	exclusive	pending
shader-build-authority	renderer/src/shaders/draw_clockwise_atomic_clip.frag	c50f3d97fa389ef3e68ac2a20579f022ea688079ab97956d66e4c4b62310ceb4	shader:source:draw_clockwise_atomic_clip	generated-input	shared-authority	crates/nuxie-renderer/src/mechanical_port/shader-build-authority/renderer_src_shaders_draw_clockwise_atomic_clip_frag__generated_input.rs	exclusive	pending
shader-build-authority	renderer/src/shaders/draw_clockwise_atomic_path.frag	4ea83385144a73678293d4313b53fad6cc4204551b41800c2c8b7c8821ea1287	shader:source:draw_clockwise_atomic_path	generated-input	shared-authority	crates/nuxie-renderer/src/mechanical_port/shader-build-authority/renderer_src_shaders_draw_clockwise_atomic_path_frag__generated_input.rs	exclusive	pending
shader-build-authority	renderer/src/shaders/draw_clockwise_clip.frag	85c10fcfd0c66df4796ade0f0c3b33f1d633138cfd2548462e545e804e18307e	shader:source:draw_clockwise_clip	generated-input	shared-authority	crates/nuxie-renderer/src/mechanical_port/shader-build-authority/renderer_src_shaders_draw_clockwise_clip_frag__generated_input.rs	exclusive	pending
shader-build-authority	renderer/src/shaders/draw_clockwise_path.frag	f033a35f69ad4d2802fc9afa21f0ca0e06f73bb516d9cd9099a378a553eaa377	shader:source:draw_clockwise_path	generated-input	shared-authority	crates/nuxie-renderer/src/mechanical_port/shader-build-authority/renderer_src_shaders_draw_clockwise_path_frag__generated_input.rs	exclusive	pending
shader-build-authority	renderer/src/shaders/draw_fullscreen_quad.vert	6a9842803e8472ab8f756a191c6a6d60a7c28db5587ee22c5e9bddb000c49cc2	shader:source:draw_fullscreen_quad	generated-input	shared-authority	crates/nuxie-renderer/src/mechanical_port/shader-build-authority/renderer_src_shaders_draw_fullscreen_quad_vert__generated_input.rs	exclusive	pending
shader-build-authority	renderer/src/shaders/draw_image_mesh.vert	f8c9d0c3a50cd3d42af1e67f8acb4258ac8c05833210d0b4556c95dff3312166	shader:source:draw_image_mesh	generated-input	shared-authority	crates/nuxie-renderer/src/mechanical_port/shader-build-authority/renderer_src_shaders_draw_image_mesh_vert__generated_input.rs	exclusive	pending
shader-build-authority	renderer/src/shaders/draw_input_attachment.frag	8af2574495c71e8282116b3e598daf5e1c705d0b50c39d2439ad18e6be1e8694	shader:source:draw_input_attachment	generated-input	shared-authority	crates/nuxie-renderer/src/mechanical_port/shader-build-authority/renderer_src_shaders_draw_input_attachment_frag__generated_input.rs	exclusive	pending
shader-build-authority	renderer/src/shaders/draw_mesh.frag	d3a060c05d66e187ca2a0edab03788e7d885364ba833237e2e89f39a2b5e9c1f	shader:source:draw_mesh	generated-input	shared-authority	crates/nuxie-renderer/src/mechanical_port/shader-build-authority/renderer_src_shaders_draw_mesh_frag__generated_input.rs	exclusive	pending
shader-build-authority	renderer/src/shaders/draw_msaa_object.frag	28ec08b53f7f32a12439d5f85481c4f5d66660f0e80e867b44fcbd35adba9d85	shader:source:draw_msaa_object	generated-input	shared-authority	crates/nuxie-renderer/src/mechanical_port/shader-build-authority/renderer_src_shaders_draw_msaa_object_frag__generated_input.rs	exclusive	pending
shader-build-authority	renderer/src/shaders/draw_msaa_resolve.frag	93cac1c9b5a8f5a4c41100475b797ae1352fc803c81d619de1b1e81bdc0fb6a1	shader:source:draw_msaa_resolve	generated-input	shared-authority	crates/nuxie-renderer/src/mechanical_port/shader-build-authority/renderer_src_shaders_draw_msaa_resolve_frag__generated_input.rs	exclusive	pending
shader-build-authority	renderer/src/shaders/draw_path.vert	b247e0f8a6016df848814454ce0fdf2d4b2a6a81a70484bb223b5d939059ae71	shader:source:draw_path	generated-input	shared-authority	crates/nuxie-renderer/src/mechanical_port/shader-build-authority/renderer_src_shaders_draw_path_vert__generated_input.rs	exclusive	pending
shader-build-authority	renderer/src/shaders/draw_path_common.glsl	3a6e72e80eec81b2eb467134f62188e2a86f7debfb0798a8c4ed5873beb7e86e	shader:source:draw_path_common	generated-input	shared-authority	crates/nuxie-renderer/src/mechanical_port/shader-build-authority/renderer_src_shaders_draw_path_common_glsl__generated_input.rs	exclusive	pending
shader-build-authority	renderer/src/shaders/draw_raster_order_path.frag	f4b4f70790ff16aa39870f0fcd848afa69dc52bf4b45fbbed3c1dab645eeb67f	shader:source:draw_raster_order_path	generated-input	shared-authority	crates/nuxie-renderer/src/mechanical_port/shader-build-authority/renderer_src_shaders_draw_raster_order_path_frag__generated_input.rs	exclusive	pending
shader-build-authority	renderer/src/shaders/flush_uniforms.glsl	1c22659c0e40233b0b06515287e122e06b73a4428d8e78721ca71e3419db961e	shader:source:flush_uniforms	generated-input	shared-authority	crates/nuxie-renderer/src/mechanical_port/shader-build-authority/renderer_src_shaders_flush_uniforms_glsl__generated_input.rs	exclusive	pending
shader-build-authority	renderer/src/shaders/glsl.glsl	d7e3b795badbe6e5108f268ddea4f7c0bb5af4ad1416e41c7304beca89a15523	shader:source:glsl	generated-input	shared-authority	crates/nuxie-renderer/src/mechanical_port/shader-build-authority/renderer_src_shaders_glsl_glsl__generated_input.rs	exclusive	pending
shader-build-authority	renderer/src/shaders/hlsl.glsl	ccdbdadea1add6c67088c2b36e4a25975d01150412f7d0554a8933bd91cb337d	shader:source:hlsl	generated-input	shared-authority	crates/nuxie-renderer/src/mechanical_port/shader-build-authority/renderer_src_shaders_hlsl_glsl__generated_input.rs	exclusive	pending
shader-build-authority	renderer/src/shaders/init_clockwise_atomic_workaround.frag	092a1f498d0f6ff336edecdc73f96c46c1b3a51d494249839fe9934203dd53a3	shader:source:init_clockwise_atomic_workaround	generated-input	shared-authority	crates/nuxie-renderer/src/mechanical_port/shader-build-authority/renderer_src_shaders_init_clockwise_atomic_workaround_frag__generated_input.rs	exclusive	pending
shader-build-authority	renderer/src/shaders/metal.glsl	4a2cc45e01b2fa4d9a5e6428cae8f721f3ce2fe0dc143a326d84f12a9cd38794	shader:source:metal	generated-input	shared-authority	crates/nuxie-renderer/src/mechanical_port/shader-build-authority/renderer_src_shaders_metal_glsl__generated_input.rs	exclusive	pending
shader-build-authority	renderer/src/shaders/minify.py	bf4b9f529a19765c5e6f28b68ef8a73f5bd65433cd87ce723df5df923e6bc22b	shader:minifier	generator	shared-authority	crates/nuxie-renderer/src/mechanical_port/shader-build-authority/renderer_src_shaders_minify_py__generator.rs	exclusive	pending
shader-build-authority	renderer/src/shaders/pls_load_store_ext.glsl	39d167247268280cac6bbf5d9febdd30fea9fcf1bce5016eca1170e4544feb82	shader:source:pls_load_store_ext	generated-input	shared-authority	crates/nuxie-renderer/src/mechanical_port/shader-build-authority/renderer_src_shaders_pls_load_store_ext_glsl__generated_input.rs	exclusive	pending
shader-build-authority	renderer/src/shaders/render_atlas.glsl	9d720063cf3360342205dcfa385e5c43e034aef3dfbd22014991de7aef61e4e6	shader:source:render_atlas	generated-input	shared-authority	crates/nuxie-renderer/src/mechanical_port/shader-build-authority/renderer_src_shaders_render_atlas_glsl__generated_input.rs	exclusive	pending
shader-build-authority	renderer/src/shaders/resolve_atlas.glsl	a31d945c9b29dd4ba74cff3c9c9010e108f5cd82bb0b82474b199725e59aa04f	shader:source:resolve_atlas	generated-input	shared-authority	crates/nuxie-renderer/src/mechanical_port/shader-build-authority/renderer_src_shaders_resolve_atlas_glsl__generated_input.rs	exclusive	pending
shader-build-authority	renderer/src/shaders/rhi.glsl	b08bc3a81cd7e88eb82ffba447fd073630aaa51f996641e8f7cd367678617f96	shader:source:rhi	generated-input	shared-authority	crates/nuxie-renderer/src/mechanical_port/shader-build-authority/renderer_src_shaders_rhi_glsl__generated_input.rs	exclusive	pending
shader-build-authority	renderer/src/shaders/specialization.glsl	e510983192e84c1cc69d990a14f606cfa92af234290636593d5be3e3f4e07f72	shader:source:specialization	generated-input	shared-authority	crates/nuxie-renderer/src/mechanical_port/shader-build-authority/renderer_src_shaders_specialization_glsl__generated_input.rs	exclusive	pending
shader-build-authority	renderer/src/shaders/spirv/atomic_base.glsl	4f929858680a03c74e88b85b676d8020c7a588146367c7189eec791b2412365a	shader:source:atomic_base	generated-input	shared-authority	crates/nuxie-renderer/src/mechanical_port/shader-build-authority/renderer_src_shaders_spirv_atomic_base_glsl__generated_input.rs	exclusive	pending
shader-build-authority	renderer/src/shaders/spirv/atomic_draw_atlas_blit.main	c5d2e1d8e70a1c4bf50a5ba40993860f15ac680d3ebfcd78ea30c1ce81e6a669	shader:source:atomic_draw_atlas_blit	generated-input	shared-authority	crates/nuxie-renderer/src/mechanical_port/shader-build-authority/renderer_src_shaders_spirv_atomic_draw_atlas_blit_main__generated_input.rs	exclusive	pending
shader-build-authority	renderer/src/shaders/spirv/atomic_draw_image_mesh.main	06fbd52a990b3ae38b460b661967cb8069787621948308d1eb8cdfda83522276	shader:source:atomic_draw_image_mesh	generated-input	shared-authority	crates/nuxie-renderer/src/mechanical_port/shader-build-authority/renderer_src_shaders_spirv_atomic_draw_image_mesh_main__generated_input.rs	exclusive	pending
shader-build-authority	renderer/src/shaders/spirv/atomic_draw_image_rect.main	2b7fa330f9aeb79855911a67fa76270a8d1a8b83cb8fac297886d0a362b018cf	shader:source:atomic_draw_image_rect	generated-input	shared-authority	crates/nuxie-renderer/src/mechanical_port/shader-build-authority/renderer_src_shaders_spirv_atomic_draw_image_rect_main__generated_input.rs	exclusive	pending
shader-build-authority	renderer/src/shaders/spirv/atomic_draw_interior_triangles.main	1a1c47d985e4e4889316b0fd7ba7102eb94f97e9ada55c964cb36118ef410d45	shader:source:atomic_draw_interior_triangles	generated-input	shared-authority	crates/nuxie-renderer/src/mechanical_port/shader-build-authority/renderer_src_shaders_spirv_atomic_draw_interior_triangles_main__generated_input.rs	exclusive	pending
shader-build-authority	renderer/src/shaders/spirv/atomic_draw_path.main	03327dcdaa878b265f76d721cb321e047f87e5df4e8b40dc4cb923623e4ab99b	shader:source:atomic_draw_path	generated-input	shared-authority	crates/nuxie-renderer/src/mechanical_port/shader-build-authority/renderer_src_shaders_spirv_atomic_draw_path_main__generated_input.rs	exclusive	pending
shader-build-authority	renderer/src/shaders/spirv/atomic_init.main	c9c707cb27960486c50e5b5fe5686c1b831b222682b3e3a49dcb631652abafba	shader:source:atomic_init	generated-input	shared-authority	crates/nuxie-renderer/src/mechanical_port/shader-build-authority/renderer_src_shaders_spirv_atomic_init_main__generated_input.rs	exclusive	pending
shader-build-authority	renderer/src/shaders/spirv/atomic_resolve.main	40fa708b2c8d1750c12353519998cadf129a4872ccb5798d21ccbf97e145781b	shader:source:atomic_resolve	generated-input	shared-authority	crates/nuxie-renderer/src/mechanical_port/shader-build-authority/renderer_src_shaders_spirv_atomic_resolve_main__generated_input.rs	exclusive	pending
shader-build-authority	renderer/src/shaders/spirv/atomic_resolve_coalesced.main	f12d67000ab8246082540fbfa41a4266a772280ceef9186bd14d4043050bfde9	shader:source:atomic_resolve_coalesced	generated-input	shared-authority	crates/nuxie-renderer/src/mechanical_port/shader-build-authority/renderer_src_shaders_spirv_atomic_resolve_coalesced_main__generated_input.rs	exclusive	pending
shader-build-authority	renderer/src/shaders/spirv/blit_texture_as_draw_filtered.main	f94fff896ffcde07a3cf5ab06932284a4fa9dc6b87e48bb8256e018939bef0ea	shader:source:blit_texture_as_draw_filtered	generated-input	shared-authority	crates/nuxie-renderer/src/mechanical_port/shader-build-authority/renderer_src_shaders_spirv_blit_texture_as_draw_filtered_main__generated_input.rs	exclusive	pending
shader-build-authority	renderer/src/shaders/spirv/clear_clockwise_atomic_clip.main	2ca4727f99a6be9e4baf3125fee091a05c49370a0f384c925a25ec0ea17426ca	shader:source:clear_clockwise_atomic_clip	generated-input	shared-authority	crates/nuxie-renderer/src/mechanical_port/shader-build-authority/renderer_src_shaders_spirv_clear_clockwise_atomic_clip_main__generated_input.rs	exclusive	pending
shader-build-authority	renderer/src/shaders/spirv/color_ramp.main	076d5d45b3af0d27a138f41ac6fc32fd7411384cccc74c9a7b85c2cf376ea2e5	shader:source:color_ramp	generated-input	shared-authority	crates/nuxie-renderer/src/mechanical_port/shader-build-authority/renderer_src_shaders_spirv_color_ramp_main__generated_input.rs	exclusive	pending
shader-build-authority	renderer/src/shaders/spirv/draw_atlas_blit.main	4c3658f7620b0ddaf931e0ea8eb73eb995297065785a38181004440f7cba7125	shader:source:draw_atlas_blit	generated-input	shared-authority	crates/nuxie-renderer/src/mechanical_port/shader-build-authority/renderer_src_shaders_spirv_draw_atlas_blit_main__generated_input.rs	exclusive	pending
shader-build-authority	renderer/src/shaders/spirv/draw_clockwise_atlas_blit.main	99e4cedc557cc679345a16612f9a83cc6f28575f0113911cb5c9719862d7ed65	shader:source:draw_clockwise_atlas_blit	generated-input	shared-authority	crates/nuxie-renderer/src/mechanical_port/shader-build-authority/renderer_src_shaders_spirv_draw_clockwise_atlas_blit_main__generated_input.rs	exclusive	pending
shader-build-authority	renderer/src/shaders/spirv/draw_clockwise_atomic_atlas_blit.main	101db04b19c4da1ecdbfd2cbeeb5b7848750d75d5770857d9e88a54a4ccf259f	shader:source:draw_clockwise_atomic_atlas_blit	generated-input	shared-authority	crates/nuxie-renderer/src/mechanical_port/shader-build-authority/renderer_src_shaders_spirv_draw_clockwise_atomic_atlas_blit_main__generated_input.rs	exclusive	pending
shader-build-authority	renderer/src/shaders/spirv/draw_clockwise_atomic_borrowed_coverage.frag	d094420d924fc8d350bef8e2bb0bdfe120dba7228cf31359b8780a9633d59e67	shader:source:draw_clockwise_atomic_borrowed_coverage	generated-input	shared-authority	crates/nuxie-renderer/src/mechanical_port/shader-build-authority/renderer_src_shaders_spirv_draw_clockwise_atomic_borrowed_coverage_frag__generated_input.rs	exclusive	pending
shader-build-authority	renderer/src/shaders/spirv/draw_clockwise_atomic_borrowed_coverage_interior_triangles.frag	e565d01b95b2be36f3e9a0f52ce294d9b7a45240f45a068b7226be070a7625e6	shader:source:draw_clockwise_atomic_borrowed_coverage_interior_triangles	generated-input	shared-authority	crates/nuxie-renderer/src/mechanical_port/shader-build-authority/renderer_src_shaders_spirv_draw_clockwise_atomic_borrowed_coverage_interior_triangles_frag__generated_input.rs	exclusive	pending
shader-build-authority	renderer/src/shaders/spirv/draw_clockwise_atomic_clip.frag	b3ff666c75b3da500bd64a8de38f4dafb5260ff4ace5d30db86b49c410e64205	shader:source:draw_clockwise_atomic_clip	generated-input	shared-authority	crates/nuxie-renderer/src/mechanical_port/shader-build-authority/renderer_src_shaders_spirv_draw_clockwise_atomic_clip_frag__generated_input.rs	exclusive	pending
shader-build-authority	renderer/src/shaders/spirv/draw_clockwise_atomic_clip_interior_triangles.frag	f8d9022ff95749f3df108983687b860b216a03a009bbbd314d4d1fe10ff1a269	shader:source:draw_clockwise_atomic_clip_interior_triangles	generated-input	shared-authority	crates/nuxie-renderer/src/mechanical_port/shader-build-authority/renderer_src_shaders_spirv_draw_clockwise_atomic_clip_interior_triangles_frag__generated_input.rs	exclusive	pending
shader-build-authority	renderer/src/shaders/spirv/draw_clockwise_atomic_image_mesh.main	d321cfdf78543af8ab7608755c0edee0d887c8490d7d1d1699259bafb792c571	shader:source:draw_clockwise_atomic_image_mesh	generated-input	shared-authority	crates/nuxie-renderer/src/mechanical_port/shader-build-authority/renderer_src_shaders_spirv_draw_clockwise_atomic_image_mesh_main__generated_input.rs	exclusive	pending
shader-build-authority	renderer/src/shaders/spirv/draw_clockwise_atomic_interior_triangles.main	8637f2415bf66554c1db2f39ecb7da308294144f87a3e0105ebe3e093e683691	shader:source:draw_clockwise_atomic_interior_triangles	generated-input	shared-authority	crates/nuxie-renderer/src/mechanical_port/shader-build-authority/renderer_src_shaders_spirv_draw_clockwise_atomic_interior_triangles_main__generated_input.rs	exclusive	pending
shader-build-authority	renderer/src/shaders/spirv/draw_clockwise_atomic_path.main	3583898b993ad489e57f8435ce6bac84dd48f0ed0ba6740d2b716e48bc1f4fcf	shader:source:draw_clockwise_atomic_path	generated-input	shared-authority	crates/nuxie-renderer/src/mechanical_port/shader-build-authority/renderer_src_shaders_spirv_draw_clockwise_atomic_path_main__generated_input.rs	exclusive	pending
shader-build-authority	renderer/src/shaders/spirv/draw_clockwise_clip.main	521593f1a521e39642a05890e2403ec221c1d314d6528f5dc93453b2e473372c	shader:source:draw_clockwise_clip	generated-input	shared-authority	crates/nuxie-renderer/src/mechanical_port/shader-build-authority/renderer_src_shaders_spirv_draw_clockwise_clip_main__generated_input.rs	exclusive	pending
shader-build-authority	renderer/src/shaders/spirv/draw_clockwise_clip_interior_triangles.main	09151399d8334e1a704bc291517dc7ac139a1db3367b0496fbf9237a8ff0f18b	shader:source:draw_clockwise_clip_interior_triangles	generated-input	shared-authority	crates/nuxie-renderer/src/mechanical_port/shader-build-authority/renderer_src_shaders_spirv_draw_clockwise_clip_interior_triangles_main__generated_input.rs	exclusive	pending
shader-build-authority	renderer/src/shaders/spirv/draw_clockwise_image_mesh.main	5b0ebe856998c737fd47caffaffffea5b6a59677a4dfb8a825f3cb77f0eec220	shader:source:draw_clockwise_image_mesh	generated-input	shared-authority	crates/nuxie-renderer/src/mechanical_port/shader-build-authority/renderer_src_shaders_spirv_draw_clockwise_image_mesh_main__generated_input.rs	exclusive	pending
shader-build-authority	renderer/src/shaders/spirv/draw_clockwise_interior_triangles.main	91351640c751f6498552fd743f9f1c0ca96ae134102bde8cdccec47b0382b3e7	shader:source:draw_clockwise_interior_triangles	generated-input	shared-authority	crates/nuxie-renderer/src/mechanical_port/shader-build-authority/renderer_src_shaders_spirv_draw_clockwise_interior_triangles_main__generated_input.rs	exclusive	pending
shader-build-authority	renderer/src/shaders/spirv/draw_clockwise_path.main	220db78a8f799a0c37718e9e7afe5121819263f90f92c7aae6a28048b44ad23b	shader:source:draw_clockwise_path	generated-input	shared-authority	crates/nuxie-renderer/src/mechanical_port/shader-build-authority/renderer_src_shaders_spirv_draw_clockwise_path_main__generated_input.rs	exclusive	pending
shader-build-authority	renderer/src/shaders/spirv/draw_fullscreen_quad.vert	4b321cfed79e4faa7238e7b94d65e8196541e614de304d3f1c53c8152b296859	shader:source:draw_fullscreen_quad	generated-input	shared-authority	crates/nuxie-renderer/src/mechanical_port/shader-build-authority/renderer_src_shaders_spirv_draw_fullscreen_quad_vert__generated_input.rs	exclusive	pending
shader-build-authority	renderer/src/shaders/spirv/draw_image_mesh.main	5b0ebe856998c737fd47caffaffffea5b6a59677a4dfb8a825f3cb77f0eec220	shader:source:draw_image_mesh	generated-input	shared-authority	crates/nuxie-renderer/src/mechanical_port/shader-build-authority/renderer_src_shaders_spirv_draw_image_mesh_main__generated_input.rs	exclusive	pending
shader-build-authority	renderer/src/shaders/spirv/draw_input_attachment.frag	ac0492885cbd616b1d2474bd4af6a0ef0cadf356b06a958d4f0f297b075df808	shader:source:draw_input_attachment	generated-input	shared-authority	crates/nuxie-renderer/src/mechanical_port/shader-build-authority/renderer_src_shaders_spirv_draw_input_attachment_frag__generated_input.rs	exclusive	pending
shader-build-authority	renderer/src/shaders/spirv/draw_interior_triangles.main	d214605c6ffc2b79f92772b931755349b558cf9a1b177d3259ce3a74a5f07fcb	shader:source:draw_interior_triangles	generated-input	shared-authority	crates/nuxie-renderer/src/mechanical_port/shader-build-authority/renderer_src_shaders_spirv_draw_interior_triangles_main__generated_input.rs	exclusive	pending
shader-build-authority	renderer/src/shaders/spirv/draw_msaa_atlas_blit.main	f62ec4cec844501391fd09af5d9cc10a4a73871f4a49ade2173ba1c1d210e3f8	shader:source:draw_msaa_atlas_blit	generated-input	shared-authority	crates/nuxie-renderer/src/mechanical_port/shader-build-authority/renderer_src_shaders_spirv_draw_msaa_atlas_blit_main__generated_input.rs	exclusive	pending
shader-build-authority	renderer/src/shaders/spirv/draw_msaa_color_seed_attachment.frag	0baeda14de63ded97fc2247240b01b71f891be7235b3c73a2a950810402c44d5	shader:source:draw_msaa_color_seed_attachment	generated-input	shared-authority	crates/nuxie-renderer/src/mechanical_port/shader-build-authority/renderer_src_shaders_spirv_draw_msaa_color_seed_attachment_frag__generated_input.rs	exclusive	pending
shader-build-authority	renderer/src/shaders/spirv/draw_msaa_image_mesh.main	4feb2d2005741d09ae0ddf23abefa16d10e38a20849e2fca124a0600c20443e1	shader:source:draw_msaa_image_mesh	generated-input	shared-authority	crates/nuxie-renderer/src/mechanical_port/shader-build-authority/renderer_src_shaders_spirv_draw_msaa_image_mesh_main__generated_input.rs	exclusive	pending
shader-build-authority	renderer/src/shaders/spirv/draw_msaa_path.main	512ac90d68cc626b7c6b138058f64d8307440786c11f08862ef7e88188be831b	shader:source:draw_msaa_path	generated-input	shared-authority	crates/nuxie-renderer/src/mechanical_port/shader-build-authority/renderer_src_shaders_spirv_draw_msaa_path_main__generated_input.rs	exclusive	pending
shader-build-authority	renderer/src/shaders/spirv/draw_msaa_resolve.frag	fb4153529ecfade60e9c11a40d48287be90b8d129555e70ddde212090f23c506	shader:source:draw_msaa_resolve	generated-input	shared-authority	crates/nuxie-renderer/src/mechanical_port/shader-build-authority/renderer_src_shaders_spirv_draw_msaa_resolve_frag__generated_input.rs	exclusive	pending
shader-build-authority	renderer/src/shaders/spirv/draw_msaa_stencil.main	738afb5d5a358ab3a25285b7e1472a8212833594cceb29665160a6652ba5dc4b	shader:source:draw_msaa_stencil	generated-input	shared-authority	crates/nuxie-renderer/src/mechanical_port/shader-build-authority/renderer_src_shaders_spirv_draw_msaa_stencil_main__generated_input.rs	exclusive	pending
shader-build-authority	renderer/src/shaders/spirv/draw_path.main	7e32273a1aa44b8bb8e6295ae209c1337abb871f4c0c1f2574e4e1eebb70b3e1	shader:source:draw_path	generated-input	shared-authority	crates/nuxie-renderer/src/mechanical_port/shader-build-authority/renderer_src_shaders_spirv_draw_path_main__generated_input.rs	exclusive	pending
shader-build-authority	renderer/src/shaders/spirv/init_clockwise_atomic_workaround.frag	50e907b11d07529b7be4ec09435fc7baf2618faff646008d89769a1379583f1f	shader:source:init_clockwise_atomic_workaround	generated-input	shared-authority	crates/nuxie-renderer/src/mechanical_port/shader-build-authority/renderer_src_shaders_spirv_init_clockwise_atomic_workaround_frag__generated_input.rs	exclusive	pending
shader-build-authority	renderer/src/shaders/spirv/render_atlas.vert	109e973cde4ace814cc88b472a9b3c1d85152a85b0068108027b9fbecfd552cb	shader:source:render_atlas	generated-input	shared-authority	crates/nuxie-renderer/src/mechanical_port/shader-build-authority/renderer_src_shaders_spirv_render_atlas_vert__generated_input.rs	exclusive	pending
shader-build-authority	renderer/src/shaders/spirv/render_atlas_common.glsl	95ffda17e87a1a09be1be4440e6905ae67ae9083fcb3d6467ca603d2e8494cd7	shader:source:render_atlas_common	generated-input	shared-authority	crates/nuxie-renderer/src/mechanical_port/shader-build-authority/renderer_src_shaders_spirv_render_atlas_common_glsl__generated_input.rs	exclusive	pending
shader-build-authority	renderer/src/shaders/spirv/render_atlas_fill.frag	2ba6ac1bec020d443619622f060bee9fd978d0f3fcde65e715419968886d7f9a	shader:source:render_atlas_fill	generated-input	shared-authority	crates/nuxie-renderer/src/mechanical_port/shader-build-authority/renderer_src_shaders_spirv_render_atlas_fill_frag__generated_input.rs	exclusive	pending
shader-build-authority	renderer/src/shaders/spirv/render_atlas_stroke.frag	03993d7ed74efdbf0f5db9e576b24b7be3661bd66bb66483b5752de77426d8aa	shader:source:render_atlas_stroke	generated-input	shared-authority	crates/nuxie-renderer/src/mechanical_port/shader-build-authority/renderer_src_shaders_spirv_render_atlas_stroke_frag__generated_input.rs	exclusive	pending
shader-build-authority	renderer/src/shaders/spirv/tessellate.main	9a50cb20894f19978864152d4852293a2052cba80573b80246dbce5f2f5a55a0	shader:source:tessellate	generated-input	shared-authority	crates/nuxie-renderer/src/mechanical_port/shader-build-authority/renderer_src_shaders_spirv_tessellate_main__generated_input.rs	exclusive	pending
shader-build-authority	renderer/src/shaders/spirv_binary_to_header.py	07f4b6f91bade4af1dcc62024447982e08ce9af671155e047ac1185460dc79d0	shader:spirv_header_generator	generator	shared-authority	crates/nuxie-renderer/src/mechanical_port/shader-build-authority/renderer_src_shaders_spirv_binary_to_header_py__generator.rs	exclusive	pending
shader-build-authority	renderer/src/shaders/stencil_draw.glsl	9df944e40e0f66f0a7f4e2114fe2644d426a44bc236eab969e3bdf75bb70c0bd	shader:source:stencil_draw	generated-input	shared-authority	crates/nuxie-renderer/src/mechanical_port/shader-build-authority/renderer_src_shaders_stencil_draw_glsl__generated_input.rs	exclusive	pending
shader-build-authority	renderer/src/shaders/tessellate.glsl	ecf7b979552b7bf7af6ff17a3fc8a0f5666942f7f7febda96fb4255640deee2f	shader:source:tessellate	generated-input	shared-authority	crates/nuxie-renderer/src/mechanical_port/shader-build-authority/renderer_src_shaders_tessellate_glsl__generated_input.rs	exclusive	pending
shader-build-authority	renderer/src/shaders/wgsl_to_header.py	74d8f360cda602df5dac16664a5175d6ddae35d360728e22905373175857e7e7	shader:wgsl_header_generator	generator	shared-authority	crates/nuxie-renderer/src/mechanical_port/shader-build-authority/renderer_src_shaders_wgsl_to_header_py__generator.rs	exclusive	pending
vulkan	renderer/include/rive/renderer/ore/ore_context_vulkan.hpp	2a72affe28481f467a249185998c6dfbe325bfb75663ff524ae9b025930672fd	vulkan:ore:context	declaration	translate	crates/nuxie-renderer/src/mechanical_port/vulkan/renderer_include_rive_renderer_ore_ore_context_vulkan_hpp__decl.rs	exclusive	pending
vulkan	renderer/include/rive/renderer/vulkan/render_context_vulkan_impl.hpp	3e11537fd433b50b59ca30e34a7688aba931f372c57e4ca14322b5307eaae294	vulkan:renderer:render_context_vulkan_impl	declaration	translate	crates/nuxie-renderer/src/mechanical_port/vulkan/renderer_include_rive_renderer_vulkan_render_context_vulkan_impl_hpp__decl.rs	exclusive	pending
vulkan	renderer/include/rive/renderer/vulkan/render_target_vulkan.hpp	b9ad83d61ac6c283b24549e6c6f4d8af81fcdb97c0d0dba7e161ddb11c4c871b	vulkan:renderer:render_target	declaration	translate	crates/nuxie-renderer/src/mechanical_port/vulkan/renderer_include_rive_renderer_vulkan_render_target_vulkan_hpp__decl.rs	exclusive	pending
vulkan	renderer/include/rive/renderer/vulkan/vkutil.hpp	a953efddf15863a2bd98e4e747581785bd1e852ae1f6491693ee2e30a568115c	vulkan:renderer:vkutil	declaration	translate	crates/nuxie-renderer/src/mechanical_port/vulkan/renderer_include_rive_renderer_vulkan_vkutil_hpp__decl.rs	exclusive	pending
vulkan	renderer/include/rive/renderer/vulkan/vulkan_context.hpp	d1491ee3c8c551e628c1189d8461aa72618e74248380f6b582ac9a9fa7729777	vulkan:renderer:vulkan_context	declaration	translate	crates/nuxie-renderer/src/mechanical_port/vulkan/renderer_include_rive_renderer_vulkan_vulkan_context_hpp__decl.rs	exclusive	pending
vulkan	renderer/src/ore/vulkan/ore_bind_group_layout_vulkan.hpp	79ec54b47b411fda5a54d66e35839fc89c5376554f25dcab21d3f1586424e1d9	vulkan:ore:bind_group_layout	declaration	translate	crates/nuxie-renderer/src/mechanical_port/vulkan/renderer_src_ore_vulkan_ore_bind_group_layout_vulkan_hpp__decl.rs	exclusive	pending
vulkan	renderer/src/ore/vulkan/ore_bind_group_vulkan.cpp	08371ecffdaffb2d668e0dbe260d14f3c13cd7997a55e4f368cf4382ce579a7b	vulkan:ore:bind_group	implementation	translate	crates/nuxie-renderer/src/mechanical_port/vulkan/renderer_src_ore_vulkan_ore_bind_group_vulkan_cpp__impl.rs	exclusive	pending
vulkan	renderer/src/ore/vulkan/ore_bind_group_vulkan.hpp	e0579ebf40af1789cd74908acd14bc468ff9583431ae0c064999f194dfa40b37	vulkan:ore:bind_group	declaration	translate	crates/nuxie-renderer/src/mechanical_port/vulkan/renderer_src_ore_vulkan_ore_bind_group_vulkan_hpp__decl.rs	exclusive	pending
vulkan	renderer/src/ore/vulkan/ore_buffer_vulkan.cpp	8f5a390e3cb5b594f03b9e1359f56a8691eb4190566c86ea3f212f63d7f35b9b	vulkan:ore:buffer	implementation	translate	crates/nuxie-renderer/src/mechanical_port/vulkan/renderer_src_ore_vulkan_ore_buffer_vulkan_cpp__impl.rs	exclusive	pending
vulkan	renderer/src/ore/vulkan/ore_buffer_vulkan.hpp	14324b56728e053d8d1d5061d6375bd7a16cef8bf10888a9a7db8cfb4ee38b22	vulkan:ore:buffer	declaration	translate	crates/nuxie-renderer/src/mechanical_port/vulkan/renderer_src_ore_vulkan_ore_buffer_vulkan_hpp__decl.rs	exclusive	pending
vulkan	renderer/src/ore/vulkan/ore_context_vulkan.cpp	4b3241f851fbc7ffddcce0eed366c80431471a8f143500a8d2f26a9133538a5a	vulkan:ore:context	implementation	translate	crates/nuxie-renderer/src/mechanical_port/vulkan/renderer_src_ore_vulkan_ore_context_vulkan_cpp__impl.rs	exclusive	pending
vulkan	renderer/src/ore/vulkan/ore_pipeline_vulkan.cpp	900f7e071cd388b206f180ddd5f440d1263068881da2d638a567bca5557503e1	vulkan:ore:pipeline	implementation	translate	crates/nuxie-renderer/src/mechanical_port/vulkan/renderer_src_ore_vulkan_ore_pipeline_vulkan_cpp__impl.rs	exclusive	pending
vulkan	renderer/src/ore/vulkan/ore_pipeline_vulkan.hpp	163aedaefc7047fbb16bc02ecfff9d0d059c434eab3a2108bb043076b1a4835c	vulkan:ore:pipeline	declaration	translate	crates/nuxie-renderer/src/mechanical_port/vulkan/renderer_src_ore_vulkan_ore_pipeline_vulkan_hpp__decl.rs	exclusive	pending
vulkan	renderer/src/ore/vulkan/ore_render_pass_vulkan.cpp	36fd46d0547dc2d55e0e8c8d2f770cc0de227f1bef3c87dd7a0a203ba1a010b4	vulkan:ore:render_pass	implementation	translate	crates/nuxie-renderer/src/mechanical_port/vulkan/renderer_src_ore_vulkan_ore_render_pass_vulkan_cpp__impl.rs	exclusive	pending
vulkan	renderer/src/ore/vulkan/ore_render_pass_vulkan.hpp	154f154fd27609f68636ed4c3cb9e1be7d9d5edec668a045a4243f6423f7026e	vulkan:ore:render_pass	declaration	translate	crates/nuxie-renderer/src/mechanical_port/vulkan/renderer_src_ore_vulkan_ore_render_pass_vulkan_hpp__decl.rs	exclusive	pending
vulkan	renderer/src/ore/vulkan/ore_sampler_vulkan.cpp	28ab55810848a33d95789ff1f09f73c808ab57d5f3757213fa3c0b0b11e29272	vulkan:ore:sampler	implementation	translate	crates/nuxie-renderer/src/mechanical_port/vulkan/renderer_src_ore_vulkan_ore_sampler_vulkan_cpp__impl.rs	exclusive	pending
vulkan	renderer/src/ore/vulkan/ore_sampler_vulkan.hpp	9569178cb8c22807af058d0b4449198051da285d36fe54e66a717a66af3bc90e	vulkan:ore:sampler	declaration	translate	crates/nuxie-renderer/src/mechanical_port/vulkan/renderer_src_ore_vulkan_ore_sampler_vulkan_hpp__decl.rs	exclusive	pending
vulkan	renderer/src/ore/vulkan/ore_shader_module_vulkan.cpp	787ed42b6ba9108e4ccc09fbca255c7454e2a8702b3938a1745fbd4ba4951bb2	vulkan:ore:shader_module	implementation	translate	crates/nuxie-renderer/src/mechanical_port/vulkan/renderer_src_ore_vulkan_ore_shader_module_vulkan_cpp__impl.rs	exclusive	pending
vulkan	renderer/src/ore/vulkan/ore_shader_module_vulkan.hpp	b421cebd8e3c08be85155921f3016403e9dd30f73e9d16005f8764bf667e8435	vulkan:ore:shader_module	declaration	translate	crates/nuxie-renderer/src/mechanical_port/vulkan/renderer_src_ore_vulkan_ore_shader_module_vulkan_hpp__decl.rs	exclusive	pending
vulkan	renderer/src/ore/vulkan/ore_texture_vulkan.cpp	cd66477edf66d149ccd62738475ff4fe005a61736a52cdc9a308e51a3fe61e9c	vulkan:ore:texture	implementation	translate	crates/nuxie-renderer/src/mechanical_port/vulkan/renderer_src_ore_vulkan_ore_texture_vulkan_cpp__impl.rs	exclusive	pending
vulkan	renderer/src/ore/vulkan/ore_texture_vulkan.hpp	ee5cb5071865fcc72e23a165fa02d4cc5a14ccf5f8d6d89e54b2ea4152296f2f	vulkan:ore:texture	declaration	translate	crates/nuxie-renderer/src/mechanical_port/vulkan/renderer_src_ore_vulkan_ore_texture_vulkan_hpp__decl.rs	exclusive	pending
vulkan	renderer/src/ore/vulkan/ore_vulkan_dsl.hpp	5f75e1cce3b43bbd34dc99af668be50848ff7c07288ad556f7856cbac25ade54	vulkan:ore:vulkan_dsl	declaration	translate	crates/nuxie-renderer/src/mechanical_port/vulkan/renderer_src_ore_vulkan_ore_vulkan_dsl_hpp__decl.rs	exclusive	pending
vulkan	renderer/src/vulkan/common_layouts.hpp	c2f0e3dbe79c0361e290a8b6e2cf9066787f011e900244ea8885c8921109de57	vulkan:renderer:common_layouts	declaration	translate	crates/nuxie-renderer/src/mechanical_port/vulkan/renderer_src_vulkan_common_layouts_hpp__decl.rs	exclusive	pending
vulkan	renderer/src/vulkan/draw_pipeline_layout_vulkan.cpp	87b23fe1b5b29998eb23b1b28b5d4259cadcc15e0e8c69a742d27efd0fb43dc3	vulkan:renderer:draw_pipeline_layout	implementation	translate	crates/nuxie-renderer/src/mechanical_port/vulkan/renderer_src_vulkan_draw_pipeline_layout_vulkan_cpp__impl.rs	exclusive	pending
vulkan	renderer/src/vulkan/draw_pipeline_layout_vulkan.hpp	eb0d68eb2db0c64680e70ee9c2c223266a182612b26af2e40cde3302ba9261a0	vulkan:renderer:draw_pipeline_layout	declaration	translate	crates/nuxie-renderer/src/mechanical_port/vulkan/renderer_src_vulkan_draw_pipeline_layout_vulkan_hpp__decl.rs	exclusive	pending
vulkan	renderer/src/vulkan/draw_pipeline_vulkan.cpp	31126c9461a205c4574f064d6999ac27b0dcc06895012263c4b6b48cc15af806	vulkan:renderer:draw_pipeline	implementation	translate	crates/nuxie-renderer/src/mechanical_port/vulkan/renderer_src_vulkan_draw_pipeline_vulkan_cpp__impl.rs	exclusive	pending
vulkan	renderer/src/vulkan/draw_pipeline_vulkan.hpp	13c76fa90bdeb3713f465ab078d1b1871234dfe94c3ee924b96d23b5abc7d80e	vulkan:renderer:draw_pipeline	declaration	translate	crates/nuxie-renderer/src/mechanical_port/vulkan/renderer_src_vulkan_draw_pipeline_vulkan_hpp__decl.rs	exclusive	pending
vulkan	renderer/src/vulkan/draw_shader_vulkan.cpp	58a8cdfeebca4b344e18789833c2b9630b3cd6c032b6f1b44d947518c0df0249	vulkan:renderer:draw_shader	implementation	translate	crates/nuxie-renderer/src/mechanical_port/vulkan/renderer_src_vulkan_draw_shader_vulkan_cpp__impl.rs	exclusive	pending
vulkan	renderer/src/vulkan/draw_shader_vulkan.hpp	8313771fe9b11251ffbb7af832dcb2916826746c5ed7425b303563c861fb77c7	vulkan:renderer:draw_shader	declaration	translate	crates/nuxie-renderer/src/mechanical_port/vulkan/renderer_src_vulkan_draw_shader_vulkan_hpp__decl.rs	exclusive	pending
vulkan	renderer/src/vulkan/pipeline_manager_vulkan.cpp	37c7d4b63edfb0edccf1991b01607dc274b1e2518f1754e46f22d39f02338051	vulkan:renderer:pipeline_manager	implementation	translate	crates/nuxie-renderer/src/mechanical_port/vulkan/renderer_src_vulkan_pipeline_manager_vulkan_cpp__impl.rs	exclusive	pending
vulkan	renderer/src/vulkan/pipeline_manager_vulkan.hpp	1c3ab80e28d67f6a4921e52a53f686fb42639218c5f3a9db8e38440a8c9a8072	vulkan:renderer:pipeline_manager	declaration	translate	crates/nuxie-renderer/src/mechanical_port/vulkan/renderer_src_vulkan_pipeline_manager_vulkan_hpp__decl.rs	exclusive	pending
vulkan	renderer/src/vulkan/render_context_vulkan_impl.cpp	89037c61d58dba7d94a6c8bdce6a0e337e23fdedcd5cc8b6e2b975a470061b38	vulkan:renderer:render_context_vulkan_impl	implementation	translate	crates/nuxie-renderer/src/mechanical_port/vulkan/renderer_src_vulkan_render_context_vulkan_impl_cpp__impl.rs	exclusive	pending
vulkan	renderer/src/vulkan/render_pass_vulkan.cpp	9c95185c5e653ef0b4a51725fede34642ddea2a62167fc620ddcb3e909149b79	vulkan:renderer:render_pass	implementation	translate	crates/nuxie-renderer/src/mechanical_port/vulkan/renderer_src_vulkan_render_pass_vulkan_cpp__impl.rs	exclusive	pending
vulkan	renderer/src/vulkan/render_pass_vulkan.hpp	a1b01d9aa4d2d8b4795786a093346357fd270090e613e916fa7a4b2495b11be7	vulkan:renderer:render_pass	declaration	translate	crates/nuxie-renderer/src/mechanical_port/vulkan/renderer_src_vulkan_render_pass_vulkan_hpp__decl.rs	exclusive	pending
vulkan	renderer/src/vulkan/render_target_vulkan.cpp	58f01c640d775669756bd0ba03b9bef67cb0cad0f7fe61dd2a5bb3bf04f41a59	vulkan:renderer:render_target	implementation	translate	crates/nuxie-renderer/src/mechanical_port/vulkan/renderer_src_vulkan_render_target_vulkan_cpp__impl.rs	exclusive	pending
vulkan	renderer/src/vulkan/vkutil.cpp	a6f5db5e1190c435a2475cf30fb765219cc114c15adbd7f28f5bf1eddb3d2fd7	vulkan:renderer:vkutil	implementation	translate	crates/nuxie-renderer/src/mechanical_port/vulkan/renderer_src_vulkan_vkutil_cpp__impl.rs	exclusive	pending
vulkan	renderer/src/vulkan/vulkan_context.cpp	a2dc876075fadf7a2f04492d8f2cf844bfe4fdf23b4973849c051005966d8bb5	vulkan:renderer:vulkan_context	implementation	translate	crates/nuxie-renderer/src/mechanical_port/vulkan/renderer_src_vulkan_vulkan_context_cpp__impl.rs	exclusive	pending
vulkan	renderer/src/vulkan/vulkan_memory_allocator.cpp	56d006a5e6364a6d1bc4c8e1a6b0010c236bf935fd2613b08f07c7336d9a4bc7	vulkan:renderer:vulkan_memory_allocator	implementation	translate	crates/nuxie-renderer/src/mechanical_port/vulkan/renderer_src_vulkan_vulkan_memory_allocator_cpp__impl.rs	exclusive	pending
vulkan	renderer/src/vulkan/vulkan_shaders.cpp	722738d1c6e60fcc4edc4133fd336431d3ea8ed8fc03680085bf4e41e8cc8629	vulkan:renderer:vulkan_shaders	implementation	translate	crates/nuxie-renderer/src/mechanical_port/vulkan/renderer_src_vulkan_vulkan_shaders_cpp__impl.rs	exclusive	pending
vulkan	renderer/src/vulkan/vulkan_shaders.hpp	c973a2e7fc1b014eb449d674c8f393d1341c66f499ff15be983b09c0d0cb0eb7	vulkan:renderer:vulkan_shaders	declaration	translate	crates/nuxie-renderer/src/mechanical_port/vulkan/renderer_src_vulkan_vulkan_shaders_hpp__decl.rs	exclusive	pending
webgl2	renderer/include/rive/renderer/gl/gl_state.hpp	3d241850b33604888c5d7f1e5a3fac6e692f7d5f358b2e9ce5a319e191e07ac0	webgl2:renderer:gl_state	declaration	translate	crates/nuxie-renderer/src/mechanical_port/webgl2/renderer_include_rive_renderer_gl_gl_state_hpp__decl.rs	exclusive	pending
webgl2	renderer/include/rive/renderer/gl/gl_utils.hpp	042cad789ccceb91c4982d5150778b7ad4467da9d98ec852d3fc988b4299cdee	webgl2:renderer:gl_utils	declaration	translate	crates/nuxie-renderer/src/mechanical_port/webgl2/renderer_include_rive_renderer_gl_gl_utils_hpp__decl.rs	exclusive	pending
webgl2	renderer/include/rive/renderer/gl/gles3.hpp	1a70f796ef53540d2778c0ac5335933c46ddeb9bd6f547bd8802365879d5e27b	webgl2:renderer:gles3	declaration	translate	crates/nuxie-renderer/src/mechanical_port/webgl2/renderer_include_rive_renderer_gl_gles3_hpp__decl.rs	exclusive	pending
webgl2	renderer/include/rive/renderer/gl/load_gles_extensions.hpp	b7b26a500a5bb931c18acf18e68c4821e8ec1cf3e9f6800b959392677e3f6700	webgl2:renderer:load_gles_extensions	declaration	translate	crates/nuxie-renderer/src/mechanical_port/webgl2/renderer_include_rive_renderer_gl_load_gles_extensions_hpp__decl.rs	exclusive	pending
webgl2	renderer/include/rive/renderer/gl/load_store_actions_ext.hpp	1257e79033825a39b8004f2258733cfdadbee99e6cbd9777e1679d0a70349ecf	webgl2:renderer:load_store_actions_ext	declaration	translate	crates/nuxie-renderer/src/mechanical_port/webgl2/renderer_include_rive_renderer_gl_load_store_actions_ext_hpp__decl.rs	exclusive	pending
webgl2	renderer/include/rive/renderer/gl/render_buffer_gl_impl.hpp	0ba64664eed80db64b8741972ce55d28bf3521c024b29fc0b24aa0c013543dad	webgl2:renderer:render_buffer_gl_impl	declaration	translate	crates/nuxie-renderer/src/mechanical_port/webgl2/renderer_include_rive_renderer_gl_render_buffer_gl_impl_hpp__decl.rs	exclusive	pending
webgl2	renderer/include/rive/renderer/gl/render_context_gl_impl.hpp	0463fb7021de6a5cc50a3798138a8494ebbef731535dddfb02a88a375f116414	webgl2:renderer:render_context_gl_impl	declaration	translate	crates/nuxie-renderer/src/mechanical_port/webgl2/renderer_include_rive_renderer_gl_render_context_gl_impl_hpp__decl.rs	exclusive	pending
webgl2	renderer/include/rive/renderer/gl/render_target_gl.hpp	b4fb2dc670ba5889393b5f5eb1d60960edd30c7461f04a49564ea17b05544887	webgl2:renderer:render_target	declaration	translate	crates/nuxie-renderer/src/mechanical_port/webgl2/renderer_include_rive_renderer_gl_render_target_gl_hpp__decl.rs	exclusive	pending
webgl2	renderer/include/rive/renderer/ore/ore_context_gl.hpp	850801f25d00820f126752dc557ed3a8cce9cbd94e6c1e7384bbf5a82938193b	webgl2:ore:context	declaration	translate	crates/nuxie-renderer/src/mechanical_port/webgl2/renderer_include_rive_renderer_ore_ore_context_gl_hpp__decl.rs	exclusive	pending
webgl2	renderer/src/gl/gl_state.cpp	c359a715949c276cce9dcd406919c308a9d743ce5c10631a0bf33834f2e47cec	webgl2:renderer:gl_state	implementation	translate	crates/nuxie-renderer/src/mechanical_port/webgl2/renderer_src_gl_gl_state_cpp__impl.rs	exclusive	pending
webgl2	renderer/src/gl/gl_utils.cpp	fda44d5806ccf3d56a6d616a14233095dc595c8f41e2baf52441074e78479203	webgl2:renderer:gl_utils	implementation	translate	crates/nuxie-renderer/src/mechanical_port/webgl2/renderer_src_gl_gl_utils_cpp__impl.rs	exclusive	pending
webgl2	renderer/src/gl/load_gles_extensions.cpp	3f5e89610af7119bc329a837a137ad961452d194e5962243418443d6795265f6	webgl2:renderer:load_gles_extensions	implementation	source-exclusion-non-webgl2-build	crates/nuxie-renderer/src/mechanical_port/webgl2/renderer_src_gl_load_gles_extensions_cpp__impl.rs	exclusive	excluded-by-pinned-build
webgl2	renderer/src/gl/load_store_actions_ext.cpp	3cce30a21bc26edea4832d6de9177bfb86ea0140a8aa1f318ab33cb914e9266a	webgl2:renderer:load_store_actions_ext	implementation	translate	crates/nuxie-renderer/src/mechanical_port/webgl2/renderer_src_gl_load_store_actions_ext_cpp__impl.rs	exclusive	pending
webgl2	renderer/src/gl/pls_impl_ext_native.cpp	094050088e088a9993502e06cc20f72909fdcf3b488baa46e32f2a8544ee804a	webgl2:renderer:pls_impl_ext_native	implementation	source-exclusion-non-webgl2-build	crates/nuxie-renderer/src/mechanical_port/webgl2/renderer_src_gl_pls_impl_ext_native_cpp__impl.rs	exclusive	excluded-by-pinned-build
webgl2	renderer/src/gl/pls_impl_rw_texture.cpp	3b897f8a1aca7b7433575df913272a0b8e54c62f502ac3b4899a6c2fde138cfb	webgl2:renderer:pls_impl_rw_texture	implementation	source-exclusion-non-webgl2-build	crates/nuxie-renderer/src/mechanical_port/webgl2/renderer_src_gl_pls_impl_rw_texture_cpp__impl.rs	exclusive	excluded-by-pinned-build
webgl2	renderer/src/gl/pls_impl_webgl.cpp	72332a776d363a5bc81360a3a152f525dd74b7f0456903c69522884a6f268bb7	webgl2:renderer:pls_impl_webgl	implementation	translate	crates/nuxie-renderer/src/mechanical_port/webgl2/renderer_src_gl_pls_impl_webgl_cpp__impl.rs	exclusive	pending
webgl2	renderer/src/gl/render_buffer_gl_impl.cpp	f867e3eb85413d4326cda24d1a73c49b9957b26ca2abe6b696c6c2cb96b6439c	webgl2:renderer:render_buffer_gl_impl	implementation	translate	crates/nuxie-renderer/src/mechanical_port/webgl2/renderer_src_gl_render_buffer_gl_impl_cpp__impl.rs	exclusive	pending
webgl2	renderer/src/gl/render_context_gl_impl.cpp	a41d565bb96d0f4308e16f239bc9538be1049947332bfc4273e3fbc2bbcc10c1	webgl2:renderer:render_context_gl_impl	implementation	translate	crates/nuxie-renderer/src/mechanical_port/webgl2/renderer_src_gl_render_context_gl_impl_cpp__impl.rs	exclusive	pending
webgl2	renderer/src/gl/render_target_gl.cpp	5bc3b3868eddb24dd62d628319963e7ecb3e8789da7c4423bba7b21ce9f5456b	webgl2:renderer:render_target	implementation	translate	crates/nuxie-renderer/src/mechanical_port/webgl2/renderer_src_gl_render_target_gl_cpp__impl.rs	exclusive	pending
webgl2	renderer/src/ore/gl/ore_bind_group_gl.cpp	a220e811477b8ba146e1c9b876dec1f031f08fc9258e7e9ff75c798a137c63a4	webgl2:ore:bind_group	implementation	translate	crates/nuxie-renderer/src/mechanical_port/webgl2/renderer_src_ore_gl_ore_bind_group_gl_cpp__impl.rs	exclusive	pending
webgl2	renderer/src/ore/gl/ore_bind_group_gl.hpp	e8da200cf341a35d855e9a71a55f3b957f92566ea4ae73ae44cbbaddb2f28034	webgl2:ore:bind_group	declaration	translate	crates/nuxie-renderer/src/mechanical_port/webgl2/renderer_src_ore_gl_ore_bind_group_gl_hpp__decl.rs	exclusive	pending
webgl2	renderer/src/ore/gl/ore_buffer_gl.cpp	4e4f4e90e10956c44ee1695b31ff519ef94faba5fc8327b2fee4e902daad54a1	webgl2:ore:buffer	implementation	translate	crates/nuxie-renderer/src/mechanical_port/webgl2/renderer_src_ore_gl_ore_buffer_gl_cpp__impl.rs	exclusive	pending
webgl2	renderer/src/ore/gl/ore_buffer_gl.hpp	383a37adea0387cee1446e634785329e5446406b37b22f8dc2ce8da9595ab0aa	webgl2:ore:buffer	declaration	translate	crates/nuxie-renderer/src/mechanical_port/webgl2/renderer_src_ore_gl_ore_buffer_gl_hpp__decl.rs	exclusive	pending
webgl2	renderer/src/ore/gl/ore_buffer_gl.mm	3a6a064a2602d059472f1d452a681cd7d149c1f1dcb1637c26f119f486692f04	webgl2:ore:buffer	platform-implementation	source-exclusion-non-webgl2-build	crates/nuxie-renderer/src/mechanical_port/webgl2/renderer_src_ore_gl_ore_buffer_gl_mm__platform_impl.rs	exclusive	excluded-by-pinned-build
webgl2	renderer/src/ore/gl/ore_context_gl.cpp	3cd5d53b34f159dc6fa5cd54d630c07485e8fa56fda58c001b99e3c0fed0d33d	webgl2:ore:context	implementation	translate	crates/nuxie-renderer/src/mechanical_port/webgl2/renderer_src_ore_gl_ore_context_gl_cpp__impl.rs	exclusive	pending
webgl2	renderer/src/ore/gl/ore_context_gl.mm	47f05e2e92adc3d7c9f283800734dfcaba76206dcb2c563f4f162df697930a34	webgl2:ore:context	platform-implementation	source-exclusion-non-webgl2-build	crates/nuxie-renderer/src/mechanical_port/webgl2/renderer_src_ore_gl_ore_context_gl_mm__platform_impl.rs	exclusive	excluded-by-pinned-build
webgl2	renderer/src/ore/gl/ore_pipeline_gl.cpp	33521d2c899fa8f9d3a26b34f2cf39b77380d71496d10cb7790fbf36bc9c3d3c	webgl2:ore:pipeline	implementation	translate	crates/nuxie-renderer/src/mechanical_port/webgl2/renderer_src_ore_gl_ore_pipeline_gl_cpp__impl.rs	exclusive	pending
webgl2	renderer/src/ore/gl/ore_pipeline_gl.hpp	42361bb21ea71a936975b69cabecc4f6a7fcef0f8d1418df7c0b7e891e0abc54	webgl2:ore:pipeline	declaration	translate	crates/nuxie-renderer/src/mechanical_port/webgl2/renderer_src_ore_gl_ore_pipeline_gl_hpp__decl.rs	exclusive	pending
webgl2	renderer/src/ore/gl/ore_pipeline_gl.mm	14dc4a761b1f1588c20beb6d93a7072243fcfea0e72bcf55b324b31d423350f5	webgl2:ore:pipeline	platform-implementation	source-exclusion-non-webgl2-build	crates/nuxie-renderer/src/mechanical_port/webgl2/renderer_src_ore_gl_ore_pipeline_gl_mm__platform_impl.rs	exclusive	excluded-by-pinned-build
webgl2	renderer/src/ore/gl/ore_render_pass_gl.cpp	1c0f9d62dfd86b713967a02f3a5d389632db5e410e8c318c6bb139d37933d8b6	webgl2:ore:render_pass	implementation	translate	crates/nuxie-renderer/src/mechanical_port/webgl2/renderer_src_ore_gl_ore_render_pass_gl_cpp__impl.rs	exclusive	pending
webgl2	renderer/src/ore/gl/ore_render_pass_gl.hpp	130be44d0403b69e73d0f979c2b30614a3b86fb5974961d4c5ec851ed0cb6587	webgl2:ore:render_pass	declaration	translate	crates/nuxie-renderer/src/mechanical_port/webgl2/renderer_src_ore_gl_ore_render_pass_gl_hpp__decl.rs	exclusive	pending
webgl2	renderer/src/ore/gl/ore_render_pass_gl.mm	973cd79234b06bebb397b28357ab042ca52f3a27dac5f5e4009290c03032cd7d	webgl2:ore:render_pass	platform-implementation	source-exclusion-non-webgl2-build	crates/nuxie-renderer/src/mechanical_port/webgl2/renderer_src_ore_gl_ore_render_pass_gl_mm__platform_impl.rs	exclusive	excluded-by-pinned-build
webgl2	renderer/src/ore/gl/ore_sampler_gl.cpp	c6582fcb7d5a73ce79eb12851db9adf83e5b98d11dd934eac3e0f5e3fd3a25d5	webgl2:ore:sampler	implementation	translate	crates/nuxie-renderer/src/mechanical_port/webgl2/renderer_src_ore_gl_ore_sampler_gl_cpp__impl.rs	exclusive	pending
webgl2	renderer/src/ore/gl/ore_sampler_gl.hpp	38a3f85f36ba884c495893df6b60b4a9c6e1b745723e70d8d2b9503735f10274	webgl2:ore:sampler	declaration	translate	crates/nuxie-renderer/src/mechanical_port/webgl2/renderer_src_ore_gl_ore_sampler_gl_hpp__decl.rs	exclusive	pending
webgl2	renderer/src/ore/gl/ore_sampler_gl.mm	8f235053ddaccde3261a85861e94c7e2bab7ba82a0c4fe8fdb9914c92c9e3a67	webgl2:ore:sampler	platform-implementation	source-exclusion-non-webgl2-build	crates/nuxie-renderer/src/mechanical_port/webgl2/renderer_src_ore_gl_ore_sampler_gl_mm__platform_impl.rs	exclusive	excluded-by-pinned-build
webgl2	renderer/src/ore/gl/ore_shader_module_gl.cpp	4d2ad73340a497876d53afeb8a942c61f19c5899376670598b120a19e20749f9	webgl2:ore:shader_module	implementation	translate	crates/nuxie-renderer/src/mechanical_port/webgl2/renderer_src_ore_gl_ore_shader_module_gl_cpp__impl.rs	exclusive	pending
webgl2	renderer/src/ore/gl/ore_shader_module_gl.hpp	dbf7df7229881737857831f349eadc1be49c1277c36bccb994611b2a7f9b3953	webgl2:ore:shader_module	declaration	translate	crates/nuxie-renderer/src/mechanical_port/webgl2/renderer_src_ore_gl_ore_shader_module_gl_hpp__decl.rs	exclusive	pending
webgl2	renderer/src/ore/gl/ore_shader_module_gl.mm	1612b74089d148b62a68aa1c08f30d4bf33cd5b563a30ea05293e9e828b475b0	webgl2:ore:shader_module	platform-implementation	source-exclusion-non-webgl2-build	crates/nuxie-renderer/src/mechanical_port/webgl2/renderer_src_ore_gl_ore_shader_module_gl_mm__platform_impl.rs	exclusive	excluded-by-pinned-build
webgl2	renderer/src/ore/gl/ore_texture_gl.cpp	c8b2025d1fce801cbd75f7e8be406135f2d74b64d323cb3d74f20765e028bac3	webgl2:ore:texture	implementation	translate	crates/nuxie-renderer/src/mechanical_port/webgl2/renderer_src_ore_gl_ore_texture_gl_cpp__impl.rs	exclusive	pending
webgl2	renderer/src/ore/gl/ore_texture_gl.hpp	2c8a624832db465cde7ddedebc5cf4f518fc18a6369908662801532673f41bc5	webgl2:ore:texture	declaration	translate	crates/nuxie-renderer/src/mechanical_port/webgl2/renderer_src_ore_gl_ore_texture_gl_hpp__decl.rs	exclusive	pending
webgl2	renderer/src/ore/gl/ore_texture_gl.mm	a6f198d2840ea065288718431caf921081599b92ce6bd5d9b53e273c32418c37	webgl2:ore:texture	platform-implementation	source-exclusion-non-webgl2-build	crates/nuxie-renderer/src/mechanical_port/webgl2/renderer_src_ore_gl_ore_texture_gl_mm__platform_impl.rs	exclusive	excluded-by-pinned-build
webgpu	renderer/include/rive/renderer/ore/ore_context_wgpu.hpp	905e38d3e78df123c33810bb69539e1d0f39edbc173ecd72618b0d8097dc6e1d	webgpu:ore:context	declaration	translate	crates/nuxie-renderer/src/mechanical_port/webgpu/renderer_include_rive_renderer_ore_ore_context_wgpu_hpp__decl.rs	exclusive	pending
webgpu	renderer/include/rive/renderer/webgpu/render_context_webgpu_impl.hpp	7dbd287cf90ecb984ae96a6cc9006ca578b72ddbe825cd1861efc679e17b7d3a	webgpu:renderer:render_context_webgpu_impl	declaration	translate	crates/nuxie-renderer/src/mechanical_port/webgpu/renderer_include_rive_renderer_webgpu_render_context_webgpu_impl_hpp__decl.rs	exclusive	pending
webgpu	renderer/src/ore/wgpu/ore_bind_group_layout_wgpu.hpp	8dd38691042c22fc7da7db5ddc37c39681a56dbf60fc82c05ea8be76c6d6be9a	webgpu:ore:bind_group_layout	declaration	translate	crates/nuxie-renderer/src/mechanical_port/webgpu/renderer_src_ore_wgpu_ore_bind_group_layout_wgpu_hpp__decl.rs	exclusive	pending
webgpu	renderer/src/ore/wgpu/ore_bind_group_wgpu.cpp	9fd6ad5ff61abbb26bedd3c980ac0adaa81fcdc61b523b4bbe14d0583885ec76	webgpu:ore:bind_group	implementation	translate	crates/nuxie-renderer/src/mechanical_port/webgpu/renderer_src_ore_wgpu_ore_bind_group_wgpu_cpp__impl.rs	exclusive	pending
webgpu	renderer/src/ore/wgpu/ore_bind_group_wgpu.hpp	1ef4fbf6cd94f64b0d0b1109f15a18092d93e63c37a7bfbf42bb787a0fa94772	webgpu:ore:bind_group	declaration	translate	crates/nuxie-renderer/src/mechanical_port/webgpu/renderer_src_ore_wgpu_ore_bind_group_wgpu_hpp__decl.rs	exclusive	pending
webgpu	renderer/src/ore/wgpu/ore_buffer_wgpu.cpp	bcfb293d34346dde8a908952a647353cdd9543e9786bda8c442204f03fb5d2c1	webgpu:ore:buffer	implementation	translate	crates/nuxie-renderer/src/mechanical_port/webgpu/renderer_src_ore_wgpu_ore_buffer_wgpu_cpp__impl.rs	exclusive	pending
webgpu	renderer/src/ore/wgpu/ore_buffer_wgpu.hpp	0d7e8a7e0f752a98877f3efc5d6d0f6c060a2bbbf0d70800099351ddbe29bf74	webgpu:ore:buffer	declaration	translate	crates/nuxie-renderer/src/mechanical_port/webgpu/renderer_src_ore_wgpu_ore_buffer_wgpu_hpp__decl.rs	exclusive	pending
webgpu	renderer/src/ore/wgpu/ore_context_wgpu.cpp	8c9e010b8c5e1037e3a38387f696e65fa9b68103d2af1071f7ec50bab84c84a9	webgpu:ore:context	implementation	translate	crates/nuxie-renderer/src/mechanical_port/webgpu/renderer_src_ore_wgpu_ore_context_wgpu_cpp__impl.rs	exclusive	pending
webgpu	renderer/src/ore/wgpu/ore_pipeline_wgpu.cpp	61012b812bff65f5e852ea8fd4c1c4ed7cd3aa4e4f841f6ea234de9539708757	webgpu:ore:pipeline	implementation	translate	crates/nuxie-renderer/src/mechanical_port/webgpu/renderer_src_ore_wgpu_ore_pipeline_wgpu_cpp__impl.rs	exclusive	pending
webgpu	renderer/src/ore/wgpu/ore_pipeline_wgpu.hpp	df2f453288fd0e51ea867f7ea7f0c56389daf43185436b2b45f2e972b94c3e39	webgpu:ore:pipeline	declaration	translate	crates/nuxie-renderer/src/mechanical_port/webgpu/renderer_src_ore_wgpu_ore_pipeline_wgpu_hpp__decl.rs	exclusive	pending
webgpu	renderer/src/ore/wgpu/ore_render_pass_wgpu.cpp	5ae0cecc7d292a5efa7f422c699f940b99f5ab0534096cd147c3946add749844	webgpu:ore:render_pass	implementation	translate	crates/nuxie-renderer/src/mechanical_port/webgpu/renderer_src_ore_wgpu_ore_render_pass_wgpu_cpp__impl.rs	exclusive	pending
webgpu	renderer/src/ore/wgpu/ore_render_pass_wgpu.hpp	0bee65c2a1c29c0723979541b1bc674ea4c48760e9a56d273eb36632eecce975	webgpu:ore:render_pass	declaration	translate	crates/nuxie-renderer/src/mechanical_port/webgpu/renderer_src_ore_wgpu_ore_render_pass_wgpu_hpp__decl.rs	exclusive	pending
webgpu	renderer/src/ore/wgpu/ore_sampler_wgpu.cpp	8cc83496c99cbc7af33242775267969f8684b1db5ff606b506fd21cd3dc0008a	webgpu:ore:sampler	implementation	translate	crates/nuxie-renderer/src/mechanical_port/webgpu/renderer_src_ore_wgpu_ore_sampler_wgpu_cpp__impl.rs	exclusive	pending
webgpu	renderer/src/ore/wgpu/ore_sampler_wgpu.hpp	b5e6eca633ed6dfb7893761d7a6d398ea495fec2b4f30bdaf9278047308e91bd	webgpu:ore:sampler	declaration	translate	crates/nuxie-renderer/src/mechanical_port/webgpu/renderer_src_ore_wgpu_ore_sampler_wgpu_hpp__decl.rs	exclusive	pending
webgpu	renderer/src/ore/wgpu/ore_shader_module_wgpu.cpp	aef1ea905817c98dc82cafa4bb0cf1f74cf66407c229bf30241dfafa7171949f	webgpu:ore:shader_module	implementation	translate	crates/nuxie-renderer/src/mechanical_port/webgpu/renderer_src_ore_wgpu_ore_shader_module_wgpu_cpp__impl.rs	exclusive	pending
webgpu	renderer/src/ore/wgpu/ore_shader_module_wgpu.hpp	00920df29c3426c1eb9796196b942b228c75879c65f1687c04ab3dbe6e4be4a6	webgpu:ore:shader_module	declaration	translate	crates/nuxie-renderer/src/mechanical_port/webgpu/renderer_src_ore_wgpu_ore_shader_module_wgpu_hpp__decl.rs	exclusive	pending
webgpu	renderer/src/ore/wgpu/ore_texture_wgpu.cpp	82ff1b598e914350e7d3791bff0a8dd7c9d0c6ddaee2a08a360835530d475cb2	webgpu:ore:texture	implementation	translate	crates/nuxie-renderer/src/mechanical_port/webgpu/renderer_src_ore_wgpu_ore_texture_wgpu_cpp__impl.rs	exclusive	pending
webgpu	renderer/src/ore/wgpu/ore_texture_wgpu.hpp	79b2a93e29d3a8f1fcaa4a625274e1ae383eb7011d5adb0e99507b87871127f1	webgpu:ore:texture	declaration	translate	crates/nuxie-renderer/src/mechanical_port/webgpu/renderer_src_ore_wgpu_ore_texture_wgpu_hpp__decl.rs	exclusive	pending
webgpu	renderer/src/ore/wgpu/ore_wgpu_layout.hpp	56de4177e8cf574ed40ff297f2c29de6c3ed5ff0daafaa3f33053bf242bba680	webgpu:ore:wgpu_layout	declaration	translate	crates/nuxie-renderer/src/mechanical_port/webgpu/renderer_src_ore_wgpu_ore_wgpu_layout_hpp__decl.rs	exclusive	pending
webgpu	renderer/src/webgpu/render_context_webgpu_impl.cpp	55985534a5af096756ac23a8ba0c9e2f87c1ace07cf11c906b6b5b9c47aed740	webgpu:renderer:render_context_webgpu_impl	implementation	translate	crates/nuxie-renderer/src/mechanical_port/webgpu/renderer_src_webgpu_render_context_webgpu_impl_cpp__impl.rs	exclusive	pending
webgpu	renderer/src/webgpu/wagyu-port/.clang-format	f8405bf75d1ab2ed2e69b525a538b409b801812a7c71225da7bb46434f7dcc18	webgpu:wagyu:.clang_format	nonsemantic-evidence	evidence-only	crates/nuxie-renderer/src/mechanical_port/webgpu/renderer_src_webgpu_wagyu_port_clang_format__evidence.rs	exclusive	pending
webgpu	renderer/src/webgpu/wagyu-port/README.md	65c7925afd081d69af89b48948a7a6de74d6b90a79da22d5be0bfedbca15f6a0	webgpu:wagyu:README	nonsemantic-evidence	evidence-only	crates/nuxie-renderer/src/mechanical_port/webgpu/renderer_src_webgpu_wagyu_port_readme_md__evidence.rs	exclusive	pending
webgpu	renderer/src/webgpu/wagyu-port/include/webgpu/webgpu.h	026f05a7fc6db460d3fe048c07067b1596c53527c31334ec5386353520b9044b	webgpu:wagyu:webgpu	declaration	dependency-authority	crates/nuxie-renderer/src/mechanical_port/webgpu/renderer_src_webgpu_wagyu_port_include_webgpu_webgpu_h__decl.rs	exclusive	pending
webgpu	renderer/src/webgpu/wagyu-port/include/webgpu/webgpu_cpp.h	d58a0553dd853995594f2ccac691c7e02228263582ce5202f0fd931d48fc5f13	webgpu:wagyu:webgpu_cpp	declaration	dependency-authority	crates/nuxie-renderer/src/mechanical_port/webgpu/renderer_src_webgpu_wagyu_port_include_webgpu_webgpu_cpp_h__decl.rs	exclusive	pending
webgpu	renderer/src/webgpu/wagyu-port/include/webgpu/webgpu_cpp_chained_struct.h	582e62d371f29391d78a7356c634c6b76e1d58b6257a6f5be51701d15797fce1	webgpu:wagyu:webgpu_cpp_chained_struct	declaration	dependency-authority	crates/nuxie-renderer/src/mechanical_port/webgpu/renderer_src_webgpu_wagyu_port_include_webgpu_webgpu_cpp_chained_struct_h__decl.rs	exclusive	pending
webgpu	renderer/src/webgpu/wagyu-port/include/webgpu/webgpu_enum_class_bitmasks.h	cae961820e1d3b4dde5b2b4938d549f587bd0e513857bb018850036b646fe821	webgpu:wagyu:webgpu_enum_class_bitmasks	declaration	dependency-authority	crates/nuxie-renderer/src/mechanical_port/webgpu/renderer_src_webgpu_wagyu_port_include_webgpu_webgpu_enum_class_bitmasks_h__decl.rs	exclusive	pending
webgpu	renderer/src/webgpu/wagyu-port/include/webgpu/webgpu_wagyu.h	8828c4bc56f7b616e6ffb2ca8517cf67db203e3eb4e5802b3853e90e8b9faf5c	webgpu:wagyu:webgpu_wagyu	declaration	dependency-authority	crates/nuxie-renderer/src/mechanical_port/webgpu/renderer_src_webgpu_wagyu_port_include_webgpu_webgpu_wagyu_h__decl.rs	exclusive	pending
webgpu	renderer/src/webgpu/wagyu-port/src/library_webgpu_stubs.js	152ce80cf64768e624bb79172469166a6f41dc982f556ac9ef7cadb519755d74	webgpu:wagyu:library_webgpu_stubs	compatibility-build-input	dependency-authority	crates/nuxie-renderer/src/mechanical_port/webgpu/renderer_src_webgpu_wagyu_port_src_library_webgpu_stubs_js__compat_build_input.rs	exclusive	pending
webgpu	renderer/src/webgpu/wagyu-port/src/library_webgpu_wagyu_stubs.js	a04bea9294c796afaae2c874433ddd68a2fe105aedbbacc8d8926cc558896413	webgpu:wagyu:library_webgpu_wagyu_stubs	compatibility-build-input	dependency-authority	crates/nuxie-renderer/src/mechanical_port/webgpu/renderer_src_webgpu_wagyu_port_src_library_webgpu_wagyu_stubs_js__compat_build_input.rs	exclusive	pending
webgpu	renderer/src/webgpu/wagyu-port/src/webgpu.c	f5a1cef8e2e7661d23e9ba6144426eb0bbbd6c2422ffd3dfce969aa878131937	webgpu:wagyu:webgpu	implementation	dependency-authority	crates/nuxie-renderer/src/mechanical_port/webgpu/renderer_src_webgpu_wagyu_port_src_webgpu_c__impl.rs	exclusive	pending
webgpu	renderer/src/webgpu/wagyu-port/webgpu-port.py	5640d11cc4cc069695247c928a7f354dee38328553c2ed56afaeb52bc92f5590	webgpu:wagyu:webgpu_port	generator	dependency-authority	crates/nuxie-renderer/src/mechanical_port/webgpu/renderer_src_webgpu_wagyu_port_webgpu_port_py__generator.rs	exclusive	pending
webgpu	renderer/src/webgpu/webgpu_compat.h	c5ef834542179044710337aae028b35e393b36d5337504843cf3bd8adf75fbbe	webgpu:renderer:webgpu_compat	declaration	translate	crates/nuxie-renderer/src/mechanical_port/webgpu/renderer_src_webgpu_webgpu_compat_h__decl.rs	exclusive	pending
