version	upstream_sha	translation_unit	dispatch_ordinal	dispatch_prerequisites	source_dependencies	source_dependency_scc	ordering_contract	evidence
1	4ac7b32798da0482e441ef09304dc3b480ed3ee5	ore-types	1	-	-	-	acyclic-dispatch-only	manifest:docs/metal-port-manifest.toml
1	4ac7b32798da0482e441ef09304dc3b480ed3ee5	ore-rstb-container	2	-	-	-	acyclic-dispatch-only	manifest:docs/metal-port-manifest.toml
1	4ac7b32798da0482e441ef09304dc3b480ed3ee5	ore-binding-map	3	-	-	-	acyclic-dispatch-only	manifest:docs/metal-port-manifest.toml
1	4ac7b32798da0482e441ef09304dc3b480ed3ee5	generic-rive-types	4	-	-	-	acyclic-dispatch-only	manifest:docs/metal-port-manifest.toml
1	4ac7b32798da0482e441ef09304dc3b480ed3ee5	generic-refcnt	5	generic-rive-types	generic-rive-types	-	acyclic-dispatch-only	manifest:docs/metal-port-manifest.toml
1	4ac7b32798da0482e441ef09304dc3b480ed3ee5	gpu-resource	6	generic-refcnt	generic-refcnt	-	acyclic-dispatch-only	manifest:docs/metal-port-manifest.toml
1	4ac7b32798da0482e441ef09304dc3b480ed3ee5	ore-bind-group-layout	7	gpu-resource;ore-binding-map;ore-types	generic-lite-rtti;gpu-resource;ore-binding-map;ore-types	-	acyclic-dispatch-only	manifest:docs/metal-port-manifest.toml
1	4ac7b32798da0482e441ef09304dc3b480ed3ee5	ore-buffer	8	gpu-resource;ore-types	generic-lite-rtti;generic-rive-types;gpu-resource;ore-context-render-pass;ore-types	unit-scc-01	acyclic-dispatch-only	manifest:docs/metal-port-manifest.toml
1	4ac7b32798da0482e441ef09304dc3b480ed3ee5	ore-texture	9	gpu-resource;ore-types	generic-lite-rtti;generic-rive-types;gpu-resource;ore-types	-	acyclic-dispatch-only	manifest:docs/metal-port-manifest.toml
1	4ac7b32798da0482e441ef09304dc3b480ed3ee5	ore-sampler	10	gpu-resource;ore-types	generic-lite-rtti;gpu-resource;ore-types	-	acyclic-dispatch-only	manifest:docs/metal-port-manifest.toml
1	4ac7b32798da0482e441ef09304dc3b480ed3ee5	ore-shader-module	11	gpu-resource;ore-binding-map;ore-types	generic-lite-rtti;gpu-resource;ore-binding-map;ore-types	-	acyclic-dispatch-only	manifest:docs/metal-port-manifest.toml
1	4ac7b32798da0482e441ef09304dc3b480ed3ee5	ore-pipeline	12	gpu-resource;ore-bind-group-layout;ore-binding-map;ore-shader-module;ore-types	generic-lite-rtti;gpu-resource;ore-bind-group-layout;ore-shader-module;ore-types	-	acyclic-dispatch-only	manifest:docs/metal-port-manifest.toml
1	4ac7b32798da0482e441ef09304dc3b480ed3ee5	ore-bind-group	13	gpu-resource;ore-bind-group-layout;ore-binding-map;ore-buffer;ore-sampler;ore-texture;ore-types	generic-lite-rtti;gpu-resource;ore-bind-group-layout;ore-binding-map;ore-buffer;ore-sampler;ore-texture;ore-types	unit-scc-01	acyclic-dispatch-only	manifest:docs/metal-port-manifest.toml
1	4ac7b32798da0482e441ef09304dc3b480ed3ee5	ore-context-render-pass	14	gpu-resource;ore-bind-group;ore-bind-group-layout;ore-binding-map;ore-buffer;ore-pipeline;ore-sampler;ore-shader-module;ore-texture;ore-types	generic-refcnt;generic-render-canvas;generic-rive-types;metal-render-context-api;ore-bind-group;ore-buffer;ore-pipeline;ore-sampler;ore-shader-module;ore-texture;ore-types	unit-scc-01	acyclic-dispatch-only	manifest:docs/metal-port-manifest.toml
1	4ac7b32798da0482e441ef09304dc3b480ed3ee5	generic-lite-rtti	15	generic-refcnt	generic-refcnt	-	acyclic-dispatch-only	manifest:docs/metal-port-manifest.toml
1	4ac7b32798da0482e441ef09304dc3b480ed3ee5	generic-image-sampler	16	-	-	-	acyclic-dispatch-only	manifest:docs/metal-port-manifest.toml
1	4ac7b32798da0482e441ef09304dc3b480ed3ee5	generic-renderer-contract	17	generic-image-sampler;generic-lite-rtti;generic-refcnt;generic-rive-types	generic-image-sampler;generic-lite-rtti;generic-refcnt	-	acyclic-dispatch-only	manifest:docs/metal-port-manifest.toml
1	4ac7b32798da0482e441ef09304dc3b480ed3ee5	generic-renderer-implementation	18	generic-renderer-contract	generic-renderer-contract	-	acyclic-dispatch-only	manifest:docs/metal-port-manifest.toml
1	4ac7b32798da0482e441ef09304dc3b480ed3ee5	generic-gpu-texture-format	19	-	-	-	acyclic-dispatch-only	manifest:docs/metal-port-manifest.toml
1	4ac7b32798da0482e441ef09304dc3b480ed3ee5	generic-astc-footprints	20	-	-	-	acyclic-dispatch-only	manifest:docs/metal-port-manifest.toml
1	4ac7b32798da0482e441ef09304dc3b480ed3ee5	generic-gpu-contract	21	generic-image-sampler;generic-renderer-contract;generic-rive-types	generic-image-sampler	-	acyclic-dispatch-only	manifest:docs/metal-port-manifest.toml
1	4ac7b32798da0482e441ef09304dc3b480ed3ee5	generic-buffer-ring	22	generic-gpu-contract	generic-gpu-contract	-	acyclic-dispatch-only	manifest:docs/metal-port-manifest.toml
1	4ac7b32798da0482e441ef09304dc3b480ed3ee5	generic-render-target	23	generic-refcnt	generic-refcnt	-	acyclic-dispatch-only	manifest:docs/metal-port-manifest.toml
1	4ac7b32798da0482e441ef09304dc3b480ed3ee5	generic-texture-image	24	generic-lite-rtti;generic-refcnt;generic-renderer-contract	generic-refcnt;generic-renderer-contract	-	acyclic-dispatch-only	manifest:docs/metal-port-manifest.toml
1	4ac7b32798da0482e441ef09304dc3b480ed3ee5	generic-rive-render-buffer	25	generic-gpu-contract;generic-renderer-contract	generic-gpu-contract;generic-renderer-contract	-	acyclic-dispatch-only	manifest:docs/metal-port-manifest.toml
1	4ac7b32798da0482e441ef09304dc3b480ed3ee5	generic-render-canvas	26	generic-refcnt;generic-render-target;generic-texture-image	generic-refcnt;generic-render-target;generic-texture-image	-	acyclic-dispatch-only	manifest:docs/metal-port-manifest.toml
1	4ac7b32798da0482e441ef09304dc3b480ed3ee5	generic-render-context-contract	27	generic-gpu-contract;generic-render-canvas;generic-render-target;generic-renderer-contract;ore-context-render-pass	generic-gpu-contract;generic-render-canvas;generic-render-target;generic-rive-render-factory;ore-context-render-pass	unit-scc-01	acyclic-dispatch-only	manifest:docs/metal-port-manifest.toml
1	4ac7b32798da0482e441ef09304dc3b480ed3ee5	generic-render-context-impl-contract	28	generic-gpu-texture-format;generic-render-context-contract	generic-gpu-texture-format;generic-render-context-contract	unit-scc-01	acyclic-dispatch-only	manifest:docs/metal-port-manifest.toml
1	4ac7b32798da0482e441ef09304dc3b480ed3ee5	generic-render-context-helper	29	generic-buffer-ring;generic-render-context-impl-contract;generic-texture-image	generic-buffer-ring;generic-render-context-impl-contract;generic-texture-image;metal-shader-source-batch	unit-scc-01	acyclic-dispatch-only	manifest:docs/metal-port-manifest.toml
1	4ac7b32798da0482e441ef09304dc3b480ed3ee5	generic-gpu-implementation	30	generic-gpu-contract;generic-render-context-contract;generic-render-target;generic-renderer-contract;generic-texture-image	generic-gpu-contract;generic-gradient;generic-render-context-contract;generic-render-target;generic-rive-render-paint;generic-texture-image;metal-shader-source-batch	-	acyclic-dispatch-only	manifest:docs/metal-port-manifest.toml
1	4ac7b32798da0482e441ef09304dc3b480ed3ee5	generic-render-context-implementation	31	generic-gpu-contract;generic-gpu-implementation;generic-gpu-texture-format;generic-refcnt;generic-render-canvas;generic-render-context-contract;generic-render-context-impl-contract;generic-renderer-implementation;generic-texture-image	generic-gpu-contract;generic-gpu-texture-format;generic-gradient;generic-refcnt;generic-render-canvas;generic-render-context-contract;generic-render-context-impl-contract;generic-rive-render-paint;generic-rive-render-path;generic-texture-image;metal-shader-source-batch	unit-scc-01	acyclic-dispatch-only	manifest:docs/metal-port-manifest.toml
1	4ac7b32798da0482e441ef09304dc3b480ed3ee5	metal-shader-source-batch	32	-	-	-	acyclic-dispatch-only	manifest:docs/metal-port-manifest.toml
1	4ac7b32798da0482e441ef09304dc3b480ed3ee5	metal-render-context-api	33	generic-buffer-ring;generic-render-context-impl-contract;ore-context-render-pass	generic-image-sampler;generic-render-context-helper;generic-rive-types	unit-scc-01	acyclic-dispatch-only	manifest:docs/metal-port-manifest.toml
1	4ac7b32798da0482e441ef09304dc3b480ed3ee5	metal-background-shader-compiler	34	metal-render-context-api;metal-shader-source-batch	generic-gpu-contract;metal-render-context-api;metal-shader-source-batch	-	acyclic-dispatch-only	manifest:docs/metal-port-manifest.toml
1	4ac7b32798da0482e441ef09304dc3b480ed3ee5	metal-render-context-implementation	35	generic-buffer-ring;generic-gpu-contract;generic-gpu-implementation;generic-render-canvas;generic-render-context-contract;generic-render-context-helper;generic-render-context-impl-contract;generic-render-context-implementation;generic-render-target;generic-rive-render-buffer;generic-texture-image;metal-background-shader-compiler;metal-render-context-api;metal-shader-source-batch;ore-context-render-pass	generic-astc-footprints;generic-buffer-ring;generic-render-canvas;generic-rive-render-buffer;generic-texture-image;metal-background-shader-compiler;metal-render-context-api;metal-shader-source-batch;ore-context-render-pass	-	acyclic-dispatch-only	manifest:docs/metal-port-manifest.toml
1	4ac7b32798da0482e441ef09304dc3b480ed3ee5	generic-rive-render-path	36	generic-gpu-contract;generic-render-context-implementation;generic-renderer-contract;metal-shader-source-batch	generic-gpu-contract;generic-renderer-contract;metal-shader-source-batch	-	acyclic-dispatch-only	manifest:docs/metal-port-manifest.toml
1	4ac7b32798da0482e441ef09304dc3b480ed3ee5	generic-rive-render-paint	37	generic-gpu-contract;generic-render-context-contract;generic-renderer-contract;generic-texture-image	generic-gpu-contract;generic-gradient;generic-renderer-contract;generic-texture-image	-	acyclic-dispatch-only	manifest:docs/metal-port-manifest.toml
1	4ac7b32798da0482e441ef09304dc3b480ed3ee5	generic-rive-renderer	38	generic-gpu-contract;generic-render-context-contract;generic-render-context-implementation;generic-renderer-contract;generic-rive-render-paint;generic-rive-render-path;generic-texture-image	generic-gpu-contract;generic-render-context-contract;generic-render-context-implementation;generic-renderer-contract;generic-rive-render-paint;generic-rive-render-path;generic-texture-image	unit-scc-01	acyclic-dispatch-only	manifest:docs/metal-port-manifest.toml
1	4ac7b32798da0482e441ef09304dc3b480ed3ee5	generic-factory-contract	39	generic-refcnt;generic-renderer-contract	generic-refcnt;generic-renderer-contract	-	acyclic-dispatch-only	manifest:docs/metal-port-manifest.toml
1	4ac7b32798da0482e441ef09304dc3b480ed3ee5	generic-gradient	40	generic-gpu-contract;generic-renderer-contract	generic-gpu-contract;generic-renderer-contract	-	acyclic-dispatch-only	manifest:docs/metal-port-manifest.toml
1	4ac7b32798da0482e441ef09304dc3b480ed3ee5	generic-rive-render-factory	41	generic-factory-contract;generic-gradient;generic-rive-render-paint;generic-rive-render-path;generic-rive-renderer	generic-factory-contract;generic-gradient;generic-rive-render-paint;generic-rive-render-path;generic-rive-renderer	unit-scc-01	acyclic-dispatch-only	manifest:docs/metal-port-manifest.toml
