version	upstream_sha	upstream_file	block	lines	branch_lines	configurations	source_behavior	rust_owner	rust_configuration	mapping_status	translation_status	translation_disposition	validation_disposition	exclusion_reason	remaining	evidence
1	4ac7b32798da0482e441ef09304dc3b480ed3ee5	renderer/include/rive/renderer/metal/render_context_metal_impl.h	objc-metal-import	13-15	13	RIVE_OBJC_NOP	Imports Metal protocol declarations unless Objective-C symbols are replaced by no-op declarations.	crates/nuxie-renderer/src/native_metal/mod.rs	Apple-only native_metal module compilation supplies objc2-metal declarations; non-Apple builds exclude the implementation.	prepared	verified	required	compile-link-only	-	Prove the portable header-consumer configuration in V1.	rust:crates/nuxie-renderer/src/native_metal/mod.rs:1-30
1	4ac7b32798da0482e441ef09304dc3b480ed3ee5	renderer/include/rive/renderer/metal/render_context_metal_impl.h	context-tools-failure-field	106-109	106	WITH_RIVE_TOOLS	Adds the inert context-level synthesizedFailureType field with a none default.	crates/nuxie-renderer/src/native_metal/pipeline_cache.rs	NativeMetalContextOptions stores the exact typed value with None as default; cache selection ignores it and only explicitly authored per-flush requests inject failures.	prepared	verified	required	executable	-	Keep the context option inert while translating the complete FlushDescriptor tools seam; no context-level behavior may be invented.	cpp:renderer/include/rive/renderer/metal/render_context_metal_impl.h:106-109;rust:crates/nuxie-renderer/src/native_metal/pipeline_cache.rs:42-70;rust:crates/nuxie-renderer/src/native_metal/pipeline_cache.rs:1089-1110
1	4ac7b32798da0482e441ef09304dc3b480ed3ee5	renderer/include/rive/renderer/metal/render_context_metal_impl.h	rive-canvas-api	155-159	155	RIVE_CANVAS	Declares RenderCanvas construction and an ORE context made from the renderer device and command queue.	crates/nuxie-renderer/src/native_metal/mod.rs	One source-equivalent canvas feature must gate the existing render_canvas owner, both factory/context makeRenderCanvas methods, and makeOreContext together; the ORE owner retains the exact renderer device and queue.	prepared	verified	required	executable	-	Unify the existing bodies behind one RIVE_CANVAS-equivalent feature and prove feature-off absence plus feature-on same-service ownership.	rust:crates/nuxie-renderer/src/native_metal/mod.rs:328-339;rust:crates/nuxie-renderer/src/native_metal/render_canvas.rs:21-88
1	4ac7b32798da0482e441ef09304dc3b480ed3ee5	renderer/src/metal/render_context_metal_impl.mm	rive-canvas-includes	11-14	11	RIVE_CANVAS	Includes the RenderCanvas and ORE Metal implementation only for canvas builds.	crates/nuxie-renderer/Cargo.toml	A single RIVE_CANVAS-equivalent feature includes both the same-texture RenderCanvas owner and ORE Metal implementation; disabling it compiles neither owner.	prepared	verified	required	executable	-	Replace the current ORE-only dependency gate and always-compiled render_canvas module with the paired source-equivalent gate.	rust:crates/nuxie-renderer/Cargo.toml:15-20;rust:crates/nuxie-renderer/src/native_metal/render_canvas.rs:1-30
1	4ac7b32798da0482e441ef09304dc3b480ed3ee5	renderer/src/metal/render_context_metal_impl.mm	ios-simulator-host-architecture	23-25	23	RIVE_IOS_SIMULATOR	Imports Mach architecture inspection for selecting the simulator atomic barrier policy.	crates/nuxie-renderer/src/native_metal/mod.rs	The build selects IosSimulator with host_is_arm64 from the Rust compilation target.	prepared	verified	required	executable	-	Run the simulator configuration check in V1 and the Apple-Silicon simulator policy test in V7.	rust:crates/nuxie-renderer/src/native_metal/mod.rs:2540-2555
1	4ac7b32798da0482e441ef09304dc3b480ed3ee5	renderer/src/metal/render_context_metal_impl.mm	platform-metallib-include	29-43	29,31,33,35,37,39,41	RIVE_IOS|RIVE_IOS_SIMULATOR|RIVE_XROS|RIVE_XROS_SIMULATOR|RIVE_APPLETVOS|RIVE_APPLETVOS_SIMULATOR|macOS	Selects the exact embedded draw metallib object for each Apple device or simulator platform.	crates/nuxie-renderer/src/native_metal/draw_shader.rs	A seven-way build-target owner maps iOS device/simulator, visionOS device/simulator, tvOS device/simulator, and macOS to iphoneos, iphonesimulator, xros, xrsimulator, appletvos, appletvsimulator, and macosx artifacts.	prepared	verified	required	executable	-	Translate the missing build branches and verify one exact draw metallib artifact per Apple target.	rust:crates/nuxie-renderer/src/native_metal/draw_shader.rs:25-29;rust:crates/nuxie-renderer/build.rs:1-40
1	4ac7b32798da0482e441ef09304dc3b480ed3ee5	renderer/src/metal/render_context_metal_impl.mm	draw-pipeline-tools-parameter	271-274	271	WITH_RIVE_TOOLS	Adds a per-pipeline synthesized failure parameter to DrawPipeline construction.	crates/nuxie-renderer/src/native_metal/pipeline_cache.rs	PipelineLookup carries a typed per-request failure injection into durable cache realization.	prepared	verified	required	executable	-	Keep this independent from the inert context-level tools field.	rust:crates/nuxie-renderer/src/native_metal/pipeline_cache.rs:59-77
1	4ac7b32798da0482e441ef09304dc3b480ed3ee5	renderer/src/metal/render_context_metal_impl.mm	pipeline-creation-failure	284-290	284	WITH_RIVE_TOOLS	Returns an unavailable pipeline pair when pipelineCreation failure is synthesized.	crates/nuxie-renderer/src/native_metal/pipeline_cache.rs	PipelineCreation becomes a durable failed cache slot and participates in source fallback selection.	prepared	verified	required	executable	-	Retain exact current-request failure routing while translating the remaining draw families.	rust:crates/nuxie-renderer/src/native_metal/pipeline_cache.rs:59-77;rust:crates/nuxie-renderer/src/native_metal/pipeline_cache.rs:780-810
1	4ac7b32798da0482e441ef09304dc3b480ed3ee5	renderer/src/metal/render_context_metal_impl.mm	apple-silicon-device-helper	403-412	403	RIVE_IOS|RIVE_XROS|RIVE_APPLETVOS	Defines Apple-family detection for physical iOS, visionOS, and tvOS devices.	crates/nuxie-renderer/src/native_metal/capabilities.rs	ApplePlatform gains IosDevice, XrosDevice, and AppleTvOsDevice variants whose is_apple_silicon value comes from supportsFamily(Apple4); simulators and macOS do not call this helper.	prepared	verified	required	executable	-	Add the four missing visionOS/tvOS variants and derive the physical-device predicate from the retained Metal device.	rust:crates/nuxie-renderer/src/native_metal/capabilities.rs:7-20
1	4ac7b32798da0482e441ef09304dc3b480ed3ee5	renderer/src/metal/render_context_metal_impl.mm	platform-render-modes	480-501	480,490,496	RIVE_IOS|RIVE_XROS|RIVE_APPLETVOS|simulators|macOS	Selects raster ordering, atomics, and path-ID granularity separately for physical devices, simulators, and macOS with disableFramebufferReads.	crates/nuxie-renderer/src/native_metal/capabilities.rs	Physical mobile targets select raster ordering, no atomics, and path granularity 1 on Apple4 else 8; all mobile simulators select atomics with granularity 1; macOS retains Apple1 plus disableFramebufferReads policy.	prepared	verified	required	executable	-	Implement the source-shaped seven-way ApplePlatform predicates and pin every branch.	rust:crates/nuxie-renderer/src/native_metal/capabilities.rs:45-64
1	4ac7b32798da0482e441ef09304dc3b480ed3ee5	renderer/src/metal/render_context_metal_impl.mm	platform-texture-compression	507-518	507,513	RIVE_IOS|RIVE_XROS|RIVE_APPLETVOS|simulators|macOS	Enables ETC2 and ASTC on mobile families; enables BC and Apple-Silicon ASTC on macOS.	crates/nuxie-renderer/src/native_metal/capabilities.rs	All six embedded Apple variants select ETC2 and ASTC with no BC; macOS selects BC, no ETC2, and ASTC only with Apple1 support.	prepared	verified	required	executable	-	Add the missing platform variants and compile-check every exact compression tuple.	rust:crates/nuxie-renderer/src/native_metal/capabilities.rs:66-73
1	4ac7b32798da0482e441ef09304dc3b480ed3ee5	renderer/src/metal/render_context_metal_impl.mm	platform-atomic-barrier	520-560	520,525,541	RIVE_IOS|RIVE_XROS|RIVE_APPLETVOS|simulators|macOS	Chooses raster-order-group, memory, or render-pass-break barriers from platform, simulator host, and Metal-family support.	crates/nuxie-renderer/src/native_metal/capabilities.rs	Raster-order groups apply to iOS devices and every visionOS/tvOS target; iOS simulator alone branches on host arm64; macOS selects memory barrier, then ROG, then render-pass break from exact Metal families.	prepared	verified	required	executable	-	Translate all seven platform branches and run the old/discrete/simulator policy matrix.	rust:crates/nuxie-renderer/src/native_metal/capabilities.rs:75-98
1	4ac7b32798da0482e441ef09304dc3b480ed3ee5	renderer/src/metal/render_context_metal_impl.mm	platform-metallib-data	584-605	584,587,590,593,596,599,602	RIVE_IOS|RIVE_IOS_SIMULATOR|RIVE_XROS|RIVE_XROS_SIMULATOR|RIVE_APPLETVOS|RIVE_APPLETVOS_SIMULATOR|macOS	Selects the matching embedded byte span when creating the precompiled Metal library.	crates/nuxie-renderer/src/native_metal/draw_shader.rs	The seven-way target owner selects exactly one generated byte span and records target, SDK, source digest, output digest, byte length, and exported-function inventory.	prepared	verified	required	executable	-	Generate and verify the full artifact identity matrix before V1 translation closure.	rust:crates/nuxie-renderer/src/native_metal/draw_shader.rs:247-285
1	4ac7b32798da0482e441ef09304dc3b480ed3ee5	renderer/src/metal/render_context_metal_impl.mm	preload-tools-none	697-700	697	WITH_RIVE_TOOLS	Passes synthesizedFailureType::none while preloading constructor raster ubershaders.	crates/nuxie-renderer/src/native_metal/pipeline_cache.rs	Preload realization is independent of request failure injection and seeds the exact seven entries.	prepared	verified	required	executable	-	Keep context-level synthesizedFailureType inert during preload.	rust:crates/nuxie-renderer/src/native_metal/pipeline_cache.rs:362-425
1	4ac7b32798da0482e441ef09304dc3b480ed3ee5	renderer/src/metal/render_context_metal_impl.mm	bc7-non-iphone	927-933	927	TARGET_OS_IPHONE	Admits BC7 image textures only when the Apple target is not an iPhone-family target.	crates/nuxie-renderer/src/native_metal/image_texture.rs	TARGET_OS_IPHONE is true for iOS, tvOS, and visionOS SDK families: admit BC7 only on MacOs and reject it on all six embedded Apple variants through the source-equivalent image factory.	prepared	verified	required	executable	-	Replace any not-target_os-ios shortcut, wire the factory, and compile-check all seven targets.	rust:crates/nuxie-renderer/src/native_metal/image_texture.rs:225-381
1	4ac7b32798da0482e441ef09304dc3b480ed3ee5	renderer/src/metal/render_context_metal_impl.mm	rive-canvas-implementation	986-1021	986	RIVE_CANVAS	Creates a private render-target and shader-read texture, wraps both owners, and creates ORE from the same device and queue.	crates/nuxie-renderer/src/native_metal/render_canvas.rs	The mechanical body exists with one private RGBA8 render-target and shader-read texture retained by target and image owners; ORE uses the renderer service, but the source conditional is not preserved.	prepared	verified	required	executable	-	Gate the existing body and same-service ORE owner behind one RIVE_CANVAS-equivalent feature and verify both feature states.	rust:crates/nuxie-renderer/src/native_metal/render_canvas.rs:21-88;rust:crates/nuxie-renderer/src/native_metal/mod.rs:328-339
1	4ac7b32798da0482e441ef09304dc3b480ed3ee5	renderer/src/metal/render_context_metal_impl.mm	ubershader-load-failure	1140-1147	1140	WITH_RIVE_TOOLS	Returns nil before cache lookup or scheduling when ubershaderLoad failure is synthesized.	crates/nuxie-renderer/src/native_metal/pipeline_cache.rs	The cache returns unavailable before mutation for UbershaderLoad.	prepared	verified	required	executable	-	Preserve the pre-lookup ordering for every translated draw family.	rust:crates/nuxie-renderer/src/native_metal/pipeline_cache.rs:59-77;rust:crates/nuxie-renderer/src/native_metal/pipeline_cache.rs:574-585
1	4ac7b32798da0482e441ef09304dc3b480ed3ee5	renderer/src/metal/render_context_metal_impl.mm	compile-job-failure-field	1161-1163	1161	WITH_RIVE_TOOLS	Copies the flush descriptor failure type into a newly scheduled background compile job.	crates/nuxie-renderer/src/native_metal/pipeline_cache.rs	PipelineLookup maps ShaderCompilation into the scheduled BackgroundCompileJob.	prepared	verified	required	executable	-	Retain one job submission per absent exact key.	rust:crates/nuxie-renderer/src/native_metal/pipeline_cache.rs:750-780
1	4ac7b32798da0482e441ef09304dc3b480ed3ee5	renderer/src/metal/render_context_metal_impl.mm	current-request-pipeline-failure	1200-1203	1200	WITH_RIVE_TOOLS	Uses the current lookup descriptor's failure type while realizing every drained completion, including unrelated jobs.	crates/nuxie-renderer/src/native_metal/pipeline_cache.rs	The cache preserves the pinned current-request pipeline-creation failure quirk during completion draining.	prepared	verified	required	executable	-	Keep the quirk explicitly tested when all general draw lookups move behind the cache.	rust:crates/nuxie-renderer/src/native_metal/pipeline_cache.rs:780-810
1	4ac7b32798da0482e441ef09304dc3b480ed3ee5	renderer/src/metal/render_context_metal_impl.mm	macos-fragment-memory-barrier	1866-1876	1866	RIVE_MACOSX	Calls the macOS fragment-to-fragment buffer and render-target memory barrier on supported OS versions.	crates/nuxie-renderer/src/native_metal/mod.rs	The memory-barrier policy emits the exact fragment stages and scopes on macOS.	prepared	verified	required	executable	-	Exercise on compatible discrete/Intel hardware in V7; other policies remain separate branches.	rust:crates/nuxie-renderer/src/native_metal/mod.rs:1612-1632
1	4ac7b32798da0482e441ef09304dc3b480ed3ee5	renderer/src/metal/background_shader_compiler.h	compile-job-tools-field	26-29	26	WITH_RIVE_TOOLS	Adds synthesizedFailureType to each queued background compile job with a none default.	crates/nuxie-renderer/src/native_metal/background_shader_compiler.rs	BackgroundCompileJob always carries the exact typed value; production requests use None.	prepared	verified	required	executable	-	Keep the field private to the compiler/cache owner.	rust:crates/nuxie-renderer/src/native_metal/background_shader_compiler.rs:1-30
1	4ac7b32798da0482e441ef09304dc3b480ed3ee5	renderer/src/metal/background_shader_compiler.mm	atomic-source-include	18-22	18	RIVE_IOS	Excludes atomic shader source only on physical iOS; every other Apple platform includes it.	crates/nuxie-renderer/src/native_metal/shader_compile_plan.rs	The exact predicate is not-rive-ios: IosDevice excludes atomic source; IosSimulator, both visionOS targets, both tvOS targets, and MacOs include it.	prepared	verified	required	executable	-	Add the four missing platform variants and prove source absence or equivalent artifact unreachability on physical iOS.	rust:crates/nuxie-renderer/src/native_metal/shader_compile_plan.rs:550-566
1	4ac7b32798da0482e441ef09304dc3b480ed3ee5	renderer/src/metal/background_shader_compiler.mm	image-rect-platform	162-168	162,164	RIVE_IOS	Makes imageRect unreachable on physical iOS and atomics-only on every other Apple platform.	crates/nuxie-renderer/src/native_metal/shader_compile_plan.rs	IosDevice is unreachable; every other ApplePlatform variant requires atomics and emits DRAW_IMAGE plus DRAW_IMAGE_RECT.	prepared	verified	required	executable	-	Complete the seven-way platform type before translating the general imageRect draw branch.	rust:crates/nuxie-renderer/src/native_metal/shader_compile_plan.rs:450-480
1	4ac7b32798da0482e441ef09304dc3b480ed3ee5	renderer/src/metal/background_shader_compiler.mm	initialize-platform	175-200	175,177	RIVE_IOS	Makes atomic render-pass initialization unreachable on physical iOS; otherwise emits initialize, clear-store, and swizzle macros.	crates/nuxie-renderer/src/native_metal/shader_compile_plan.rs	IosDevice is unreachable; every other variant is atomics-only and emits update-bounds and initialize macros, optional STORE_COLOR_CLEAR, rejects destination load, and optionally swizzles BGRA to RGBA.	prepared	verified	required	executable	-	Add every non-iOS variant and retain the exact asserted misc-flag combinations.	rust:crates/nuxie-renderer/src/native_metal/shader_compile_plan.rs:480-520
1	4ac7b32798da0482e441ef09304dc3b480ed3ee5	renderer/src/metal/background_shader_compiler.mm	resolve-platform	203-215	203,205	RIVE_IOS	Makes atomic render-pass resolve unreachable on physical iOS; otherwise emits resolve and optional coalesced-transfer macros.	crates/nuxie-renderer/src/native_metal/shader_compile_plan.rs	IosDevice is unreachable; every other variant is atomics-only and emits update-bounds and resolve macros plus optional coalesced resolve and transfer.	prepared	verified	required	executable	-	Add every non-iOS variant before complete resolve translation is claimed.	rust:crates/nuxie-renderer/src/native_metal/shader_compile_plan.rs:520-550
1	4ac7b32798da0482e441ef09304dc3b480ed3ee5	renderer/src/metal/background_shader_compiler.mm	atomic-source-append	229-236	229	RIVE_IOS	Appends atomic draw source for atomics on non-iOS; physical iOS falls directly into raster-order source assembly.	crates/nuxie-renderer/src/native_metal/shader_compile_plan.rs	When the platform is not IosDevice and interlock is atomics, append draw_path_common then atomic_draw; otherwise enter the raster-order source branch in exact fragment order.	prepared	verified	required	executable	-	Model all seven variants and prove exact source-fragment order for each platform.	rust:crates/nuxie-renderer/src/native_metal/shader_compile_plan.rs:550-600
1	4ac7b32798da0482e441ef09304dc3b480ed3ee5	renderer/src/metal/background_shader_compiler.mm	metal-language-version	279-285	279,282	RIVE_IOS|RIVE_IOS_SIMULATOR|other Apple	Uses Metal language 2.2 on iOS device/simulator and 2.3 on every other Apple platform.	crates/nuxie-renderer/src/native_metal/background_shader_compiler.rs	The ios_family predicate selects Metal 2.2 for IosDevice and IosSimulator; both visionOS targets, both tvOS targets, and MacOs select Metal 2.3.	prepared	verified	required	executable	-	Add and compile-check the four missing device/simulator configurations with language 2.3.	rust:crates/nuxie-renderer/src/native_metal/background_shader_compiler.rs:25-35;rust:crates/nuxie-renderer/src/native_metal/background_shader_compiler.rs:235-245
1	4ac7b32798da0482e441ef09304dc3b480ed3ee5	renderer/src/metal/background_shader_compiler.mm	shader-compilation-injection	292-299	292	WITH_RIVE_TOOLS	Skips native library creation when shaderCompilation failure is synthesized.	crates/nuxie-renderer/src/native_metal/background_shader_compiler.rs	The compiler returns a typed synthesized failure without calling the native compilation callback.	prepared	verified	required	executable	-	Keep native compiler errors distinct from synthesized failures.	rust:crates/nuxie-renderer/src/native_metal/background_shader_compiler.rs:260-290
1	4ac7b32798da0482e441ef09304dc3b480ed3ee5	renderer/src/metal/background_shader_compiler.mm	shader-failure-log-routing	310-317	310	WITH_RIVE_TOOLS	Logs a stable synthesized-failure message instead of dumping native shader source and compiler diagnostics.	crates/nuxie-renderer/src/native_metal/background_shader_compiler.rs	Synthesized failures retain a typed diagnostic while native errors preserve source-bearing failure detail.	prepared	verified	required	executable	-	Publish both categories in V4 failure evidence.	rust:crates/nuxie-renderer/src/native_metal/background_shader_compiler.rs:260-290
1	4ac7b32798da0482e441ef09304dc3b480ed3ee5	renderer/src/metal/background_shader_compiler.mm	shader-failure-assertion	335-338	335	WITH_RIVE_TOOLS	Allows the intentional shaderCompilation failure through the debug assertion that rejects unexpected compiler failure.	crates/nuxie-renderer/src/native_metal/background_shader_compiler.rs	Expected synthesized failure is a normal typed result; unexpected worker panic is contained and reported.	prepared	verified	required	executable	-	Retain fail-closed behavior in release and validation builds without reproducing an abort.	rust:crates/nuxie-renderer/src/native_metal/background_shader_compiler.rs:260-290
1	4ac7b32798da0482e441ef09304dc3b480ed3ee5	include/rive/rive_types.hpp	include-rive-rive-types-hpp-l15	15-17	15	if defined(DEBUG) && defined(NDEBUG)	Preserves the complete pinned preprocessor block at include/rive/rive_types.hpp:15-17, including branch lines 15, under if defined(DEBUG) && defined(NDEBUG).	crates/nuxie-renderer/src/native_metal/mod.rs	Reject contradictory or missing build-mode selection in the preparation/build gate; cfg(debug_assertions) is DEBUG and its inverse is NDEBUG/RELEASE.	prepared	verified	required	executable	-	Mechanically translate every branch into the assigned source-shaped target and attach compile or execution evidence before advancing translation_status.	cpp:include/rive/rive_types.hpp:15-17
1	4ac7b32798da0482e441ef09304dc3b480ed3ee5	include/rive/rive_types.hpp	include-rive-rive-types-hpp-l19	19-27	19	if !defined(DEBUG) && !defined(NDEBUG)	Preserves the complete pinned preprocessor block at include/rive/rive_types.hpp:19-27, including branch lines 19, under if !defined(DEBUG) && !defined(NDEBUG).	crates/nuxie-renderer/src/native_metal/mod.rs	Reject contradictory or missing build-mode selection in the preparation/build gate; cfg(debug_assertions) is DEBUG and its inverse is NDEBUG/RELEASE.	prepared	verified	required	executable	-	Mechanically translate every branch into the assigned source-shaped target and attach compile or execution evidence before advancing translation_status.	cpp:include/rive/rive_types.hpp:19-27
1	4ac7b32798da0482e441ef09304dc3b480ed3ee5	include/rive/rive_types.hpp	include-rive-rive-types-hpp-l29	29-37	29,33	ifdef NDEBUG | else // debug mode	Preserves the complete pinned preprocessor block at include/rive/rive_types.hpp:29-37, including branch lines 29,33, under ifdef NDEBUG | else // debug mode.	crates/nuxie-renderer/src/native_metal/mod.rs	Map DEBUG to cfg(debug_assertions) and NDEBUG/RELEASE to its inverse; preserve whether debug-only expressions are evaluated or absent.	prepared	verified	required	executable	-	Mechanically translate every branch into the assigned source-shaped target and attach compile or execution evidence before advancing translation_status.	cpp:include/rive/rive_types.hpp:29-37
1	4ac7b32798da0482e441ef09304dc3b480ed3ee5	include/rive/rive_types.hpp	include-rive-rive-types-hpp-l30	30-32	30	ifndef RELEASE	Preserves the complete pinned preprocessor block at include/rive/rive_types.hpp:30-32, including branch lines 30, under ifndef RELEASE.	crates/nuxie-renderer/src/native_metal/mod.rs	Map DEBUG to cfg(debug_assertions) and NDEBUG/RELEASE to its inverse; preserve whether debug-only expressions are evaluated or absent.	prepared	verified	required	executable	-	Mechanically translate every branch into the assigned source-shaped target and attach compile or execution evidence before advancing translation_status.	cpp:include/rive/rive_types.hpp:30-32
1	4ac7b32798da0482e441ef09304dc3b480ed3ee5	include/rive/rive_types.hpp	include-rive-rive-types-hpp-l34	34-36	34	ifndef DEBUG	Preserves the complete pinned preprocessor block at include/rive/rive_types.hpp:34-36, including branch lines 34, under ifndef DEBUG.	crates/nuxie-renderer/src/native_metal/mod.rs	Map DEBUG to cfg(debug_assertions) and NDEBUG/RELEASE to its inverse; preserve whether debug-only expressions are evaluated or absent.	prepared	verified	required	executable	-	Mechanically translate every branch into the assigned source-shaped target and attach compile or execution evidence before advancing translation_status.	cpp:include/rive/rive_types.hpp:34-36
1	4ac7b32798da0482e441ef09304dc3b480ed3ee5	include/rive/rive_types.hpp	include-rive-rive-types-hpp-l41	41-54	41	ifdef __APPLE__	Preserves the complete pinned preprocessor block at include/rive/rive_types.hpp:41-54, including branch lines 41, under ifdef __APPLE__.	crates/nuxie-renderer/src/native_metal/mod.rs	Use cfg(target_vendor = "apple"); Apple subfamilies are selected only through the frozen seven-way ApplePlatform mapping.	prepared	verified	required	executable	-	Mechanically translate every branch into the assigned source-shaped target and attach compile or execution evidence before advancing translation_status.	cpp:include/rive/rive_types.hpp:41-54
1	4ac7b32798da0482e441ef09304dc3b480ed3ee5	include/rive/rive_types.hpp	include-rive-rive-types-hpp-l46	46-50	46,48	if TARGET_OS_IPHONE | elif TARGET_OS_MAC	Preserves the complete pinned preprocessor block at include/rive/rive_types.hpp:46-50, including branch lines 46,48, under if TARGET_OS_IPHONE | elif TARGET_OS_MAC.	crates/nuxie-renderer/src/native_metal/mod.rs	Use the frozen seven-way ApplePlatform family; TARGET_OS_IPHONE includes iOS, tvOS, and visionOS device and simulator families, while TARGET_OS_MAC selects MacOs.	prepared	verified	required	executable	-	Mechanically translate every branch into the assigned source-shaped target and attach compile or execution evidence before advancing translation_status.	cpp:include/rive/rive_types.hpp:46-50
1	4ac7b32798da0482e441ef09304dc3b480ed3ee5	include/rive/rive_types.hpp	include-rive-rive-types-hpp-l66	66-80	66,70,74	if defined(__GNUC__) || defined(__clang__) | elif _MSC_VER | else	Preserves the complete pinned preprocessor block at include/rive/rive_types.hpp:66-80, including branch lines 66,70,74, under if defined(__GNUC__) || defined(__clang__) | elif _MSC_VER | else.	crates/nuxie-renderer/src/native_metal/mod.rs	Use Rust language/compiler intrinsics for unreachable, inline, thread-safety annotation, and copy behavior; retain every fallback as compile-link correspondence.	prepared	verified	required	compile-link-only	-	Mechanically translate every branch into the assigned source-shaped target and attach compile or execution evidence before advancing translation_status.	cpp:include/rive/rive_types.hpp:66-80
1	4ac7b32798da0482e441ef09304dc3b480ed3ee5	include/rive/rive_types.hpp	include-rive-rive-types-hpp-l82	82-86	82,84	if __cplusplus >= 201703L | else	Preserves the complete pinned preprocessor block at include/rive/rive_types.hpp:82-86, including branch lines 82,84, under if __cplusplus >= 201703L | else.	crates/nuxie-renderer/src/native_metal/mod.rs	Rust language attributes provide the C++17 maybe-unused/fallthrough behavior; validate both source branches as one compile-link adaptation.	prepared	verified	required	compile-link-only	-	Mechanically translate every branch into the assigned source-shaped target and attach compile or execution evidence before advancing translation_status.	cpp:include/rive/rive_types.hpp:82-86
1	4ac7b32798da0482e441ef09304dc3b480ed3ee5	include/rive/rive_types.hpp	include-rive-rive-types-hpp-l88	88-94	88,90,92	if __cplusplus >= 201703L | elif defined(__clang__) | else	Preserves the complete pinned preprocessor block at include/rive/rive_types.hpp:88-94, including branch lines 88,90,92, under if __cplusplus >= 201703L | elif defined(__clang__) | else.	crates/nuxie-renderer/src/native_metal/mod.rs	Rust language attributes provide the C++17 maybe-unused/fallthrough behavior; validate both source branches as one compile-link adaptation.	prepared	verified	required	compile-link-only	-	Mechanically translate every branch into the assigned source-shaped target and attach compile or execution evidence before advancing translation_status.	cpp:include/rive/rive_types.hpp:88-94
1	4ac7b32798da0482e441ef09304dc3b480ed3ee5	include/rive/rive_types.hpp	include-rive-rive-types-hpp-l96	96-100	96,98	if defined(__GNUC__) || defined(__clang__) | else	Preserves the complete pinned preprocessor block at include/rive/rive_types.hpp:96-100, including branch lines 96,98, under if defined(__GNUC__) || defined(__clang__) | else.	crates/nuxie-renderer/src/native_metal/mod.rs	Use Rust language/compiler intrinsics for unreachable, inline, thread-safety annotation, and copy behavior; retain every fallback as compile-link correspondence.	prepared	verified	required	compile-link-only	-	Mechanically translate every branch into the assigned source-shaped target and attach compile or execution evidence before advancing translation_status.	cpp:include/rive/rive_types.hpp:96-100
1	4ac7b32798da0482e441ef09304dc3b480ed3ee5	include/rive/rive_types.hpp	include-rive-rive-types-hpp-l105	105-107	105	ifndef __has_attribute	Preserves the complete pinned preprocessor block at include/rive/rive_types.hpp:105-107, including branch lines 105, under ifndef __has_attribute.	crates/nuxie-renderer/src/native_metal/mod.rs	Use Rust language/compiler intrinsics for unreachable, inline, thread-safety annotation, and copy behavior; retain every fallback as compile-link correspondence.	prepared	verified	required	compile-link-only	-	Mechanically translate every branch into the assigned source-shaped target and attach compile or execution evidence before advancing translation_status.	cpp:include/rive/rive_types.hpp:105-107
1	4ac7b32798da0482e441ef09304dc3b480ed3ee5	include/rive/rive_types.hpp	include-rive-rive-types-hpp-l108	108-113	108,111	if defined(__clang__) && __has_attribute(no_thread_safety_analysis) | else	Preserves the complete pinned preprocessor block at include/rive/rive_types.hpp:108-113, including branch lines 108,111, under if defined(__clang__) && __has_attribute(no_thread_safety_analysis) | else.	crates/nuxie-renderer/src/native_metal/mod.rs	Use Rust language/compiler intrinsics for unreachable, inline, thread-safety annotation, and copy behavior; retain every fallback as compile-link correspondence.	prepared	verified	required	compile-link-only	-	Mechanically translate every branch into the assigned source-shaped target and attach compile or execution evidence before advancing translation_status.	cpp:include/rive/rive_types.hpp:108-113
1	4ac7b32798da0482e441ef09304dc3b480ed3ee5	include/rive/rive_types.hpp	include-rive-rive-types-hpp-l115	115-123	115,121	if defined(__GNUC__) || defined(__clang__) | else	Preserves the complete pinned preprocessor block at include/rive/rive_types.hpp:115-123, including branch lines 115,121, under if defined(__GNUC__) || defined(__clang__) | else.	crates/nuxie-renderer/src/native_metal/mod.rs	Use Rust language/compiler intrinsics for unreachable, inline, thread-safety annotation, and copy behavior; retain every fallback as compile-link correspondence.	prepared	verified	required	compile-link-only	-	Mechanically translate every branch into the assigned source-shaped target and attach compile or execution evidence before advancing translation_status.	cpp:include/rive/rive_types.hpp:115-123
1	4ac7b32798da0482e441ef09304dc3b480ed3ee5	include/rive/rive_types.hpp	include-rive-rive-types-hpp-l118	118-120	118	ifndef __has_builtin	Preserves the complete pinned preprocessor block at include/rive/rive_types.hpp:118-120, including branch lines 118, under ifndef __has_builtin.	crates/nuxie-renderer/src/native_metal/mod.rs	Use Rust language/compiler intrinsics for unreachable, inline, thread-safety annotation, and copy behavior; retain every fallback as compile-link correspondence.	prepared	verified	required	compile-link-only	-	Mechanically translate every branch into the assigned source-shaped target and attach compile or execution evidence before advancing translation_status.	cpp:include/rive/rive_types.hpp:118-120
1	4ac7b32798da0482e441ef09304dc3b480ed3ee5	include/rive/rive_types.hpp	include-rive-rive-types-hpp-l125	125-129	125,127	if __has_builtin(__builtin_memcpy) | else	Preserves the complete pinned preprocessor block at include/rive/rive_types.hpp:125-129, including branch lines 125,127, under if __has_builtin(__builtin_memcpy) | else.	crates/nuxie-renderer/src/native_metal/mod.rs	Use Rust language/compiler intrinsics for unreachable, inline, thread-safety annotation, and copy behavior; retain every fallback as compile-link correspondence.	prepared	verified	required	compile-link-only	-	Mechanically translate every branch into the assigned source-shaped target and attach compile or execution evidence before advancing translation_status.	cpp:include/rive/rive_types.hpp:125-129
1	4ac7b32798da0482e441ef09304dc3b480ed3ee5	include/rive/rive_types.hpp	include-rive-rive-types-hpp-l131	131-135	131,133	ifdef DEBUG | else	Preserves the complete pinned preprocessor block at include/rive/rive_types.hpp:131-135, including branch lines 131,133, under ifdef DEBUG | else.	crates/nuxie-renderer/src/native_metal/mod.rs	Map DEBUG to cfg(debug_assertions) and NDEBUG/RELEASE to its inverse; preserve whether debug-only expressions are evaluated or absent.	prepared	verified	required	executable	-	Mechanically translate every branch into the assigned source-shaped target and attach compile or execution evidence before advancing translation_status.	cpp:include/rive/rive_types.hpp:131-135
1	4ac7b32798da0482e441ef09304dc3b480ed3ee5	include/rive/renderer.hpp	include-rive-renderer-hpp-l130	130-136	130	if defined(__EMSCRIPTEN__)	Preserves the complete pinned preprocessor block at include/rive/renderer.hpp:130-136, including branch lines 130, under if defined(__EMSCRIPTEN__).	crates/nuxie-render-api/src/lib.rs	Use cfg(target_os = "emscripten") for the delegate/import surface and compile-link the non-Emscripten absence path.	prepared	verified	required	compile-link-only	-	Mechanically translate every branch into the assigned source-shaped target and attach compile or execution evidence before advancing translation_status.	cpp:include/rive/renderer.hpp:130-136
1	4ac7b32798da0482e441ef09304dc3b480ed3ee5	include/rive/renderer.hpp	include-rive-renderer-hpp-l155	155-167	155	if defined(__EMSCRIPTEN__)	Preserves the complete pinned preprocessor block at include/rive/renderer.hpp:155-167, including branch lines 155, under if defined(__EMSCRIPTEN__).	crates/nuxie-render-api/src/lib.rs	Use cfg(target_os = "emscripten") for the delegate/import surface and compile-link the non-Emscripten absence path.	prepared	verified	required	compile-link-only	-	Mechanically translate every branch into the assigned source-shaped target and attach compile or execution evidence before advancing translation_status.	cpp:include/rive/renderer.hpp:155-167
1	4ac7b32798da0482e441ef09304dc3b480ed3ee5	src/renderer.cpp	src-renderer-cpp-l153	153-161	153	ifdef DEBUG	Preserves the complete pinned preprocessor block at src/renderer.cpp:153-161, including branch lines 153, under ifdef DEBUG.	crates/nuxie-render-api/src/lib.rs	Map DEBUG to cfg(debug_assertions) and NDEBUG/RELEASE to its inverse; preserve whether debug-only expressions are evaluated or absent.	prepared	verified	required	executable	-	Mechanically translate every branch into the assigned source-shaped target and attach compile or execution evidence before advancing translation_status.	cpp:src/renderer.cpp:153-161
1	4ac7b32798da0482e441ef09304dc3b480ed3ee5	src/renderer.cpp	src-renderer-cpp-l222	222-232	222	ifdef DEBUG	Preserves the complete pinned preprocessor block at src/renderer.cpp:222-232, including branch lines 222, under ifdef DEBUG.	crates/nuxie-render-api/src/lib.rs	Map DEBUG to cfg(debug_assertions) and NDEBUG/RELEASE to its inverse; preserve whether debug-only expressions are evaluated or absent.	prepared	verified	required	executable	-	Mechanically translate every branch into the assigned source-shaped target and attach compile or execution evidence before advancing translation_status.	cpp:src/renderer.cpp:222-232
1	4ac7b32798da0482e441ef09304dc3b480ed3ee5	renderer/include/rive/renderer/gpu.hpp	renderer-include-rive-renderer-gpu-hpp-l330	330-338	330,336	ifndef NDEBUG | else	Preserves the complete pinned preprocessor block at renderer/include/rive/renderer/gpu.hpp:330-338, including branch lines 330,336, under ifndef NDEBUG | else.	crates/nuxie-renderer/src/gpu.rs	Map DEBUG to cfg(debug_assertions) and NDEBUG/RELEASE to its inverse; preserve whether debug-only expressions are evaluated or absent.	prepared	verified	required	executable	-	Mechanically translate every branch into the assigned source-shaped target and attach compile or execution evidence before advancing translation_status.	cpp:renderer/include/rive/renderer/gpu.hpp:330-338
1	4ac7b32798da0482e441ef09304dc3b480ed3ee5	renderer/include/rive/renderer/gpu.hpp	renderer-include-rive-renderer-gpu-hpp-l360	360-362	360	ifndef NDEBUG	Preserves the complete pinned preprocessor block at renderer/include/rive/renderer/gpu.hpp:360-362, including branch lines 360, under ifndef NDEBUG.	crates/nuxie-renderer/src/gpu.rs	Map DEBUG to cfg(debug_assertions) and NDEBUG/RELEASE to its inverse; preserve whether debug-only expressions are evaluated or absent.	prepared	verified	required	executable	-	Mechanically translate every branch into the assigned source-shaped target and attach compile or execution evidence before advancing translation_status.	cpp:renderer/include/rive/renderer/gpu.hpp:360-362
1	4ac7b32798da0482e441ef09304dc3b480ed3ee5	renderer/include/rive/renderer/gpu.hpp	renderer-include-rive-renderer-gpu-hpp-l1209	1209-1219	1209	ifdef WITH_RIVE_TOOLS	Preserves the complete pinned preprocessor block at renderer/include/rive/renderer/gpu.hpp:1209-1219, including branch lines 1209, under ifdef WITH_RIVE_TOOLS.	crates/nuxie-renderer/src/gpu.rs	Use the single rive-tools Cargo feature; feature-on preserves the exact field/read path and feature-off removes it.	prepared	verified	required	executable	-	Mechanically translate every branch into the assigned source-shaped target and attach compile or execution evidence before advancing translation_status.	cpp:renderer/include/rive/renderer/gpu.hpp:1209-1219
1	4ac7b32798da0482e441ef09304dc3b480ed3ee5	renderer/include/rive/renderer/gpu.hpp	renderer-include-rive-renderer-gpu-hpp-l1320	1320-1327	1320	ifdef WITH_RIVE_TOOLS	Preserves the complete pinned preprocessor block at renderer/include/rive/renderer/gpu.hpp:1320-1327, including branch lines 1320, under ifdef WITH_RIVE_TOOLS.	crates/nuxie-renderer/src/gpu.rs	Use the single rive-tools Cargo feature; feature-on preserves the exact field/read path and feature-off removes it.	prepared	verified	required	executable	-	Mechanically translate every branch into the assigned source-shaped target and attach compile or execution evidence before advancing translation_status.	cpp:renderer/include/rive/renderer/gpu.hpp:1320-1327
1	4ac7b32798da0482e441ef09304dc3b480ed3ee5	renderer/include/rive/renderer/gpu.hpp	renderer-include-rive-renderer-gpu-hpp-l1649	1649-1652	1649	ifdef TESTING	Preserves the complete pinned preprocessor block at renderer/include/rive/renderer/gpu.hpp:1649-1652, including branch lines 1649, under ifdef TESTING.	crates/nuxie-renderer/src/gpu.rs	Use cfg(any(test, feature = "renderer-testing")) so TESTING-only layout and assertions are present in both unit and external parity harnesses.	prepared	verified	required	executable	-	Mechanically translate every branch into the assigned source-shaped target and attach compile or execution evidence before advancing translation_status.	cpp:renderer/include/rive/renderer/gpu.hpp:1649-1652
1	4ac7b32798da0482e441ef09304dc3b480ed3ee5	renderer/include/rive/renderer/gpu.hpp	renderer-include-rive-renderer-gpu-hpp-l2013	2013-2016	2013	ifdef RIVE_GENERATE_FEATHER_LUT	Preserves the complete pinned preprocessor block at renderer/include/rive/renderer/gpu.hpp:2013-2016, including branch lines 2013, under ifdef RIVE_GENERATE_FEATHER_LUT.	crates/nuxie-renderer/src/gpu.rs	Use one generate-feather-lut Cargo/build feature across declarations, constructors, and generator bodies; feature-off retains the normal table-consumer path.	prepared	verified	required	executable	-	Mechanically translate every branch into the assigned source-shaped target and attach compile or execution evidence before advancing translation_status.	cpp:renderer/include/rive/renderer/gpu.hpp:2013-2016
1	4ac7b32798da0482e441ef09304dc3b480ed3ee5	renderer/src/gpu.cpp	renderer-src-gpu-cpp-l1796	1796-1840	1796	ifndef NDEBUG	Preserves the complete pinned preprocessor block at renderer/src/gpu.cpp:1796-1840, including branch lines 1796, under ifndef NDEBUG.	crates/nuxie-renderer/src/gpu.rs	Map DEBUG to cfg(debug_assertions) and NDEBUG/RELEASE to its inverse; preserve whether debug-only expressions are evaluated or absent.	prepared	verified	required	executable	-	Mechanically translate every branch into the assigned source-shaped target and attach compile or execution evidence before advancing translation_status.	cpp:renderer/src/gpu.cpp:1796-1840
1	4ac7b32798da0482e441ef09304dc3b480ed3ee5	renderer/src/gpu.cpp	renderer-src-gpu-cpp-l1908	1908-1987	1908	ifdef RIVE_GENERATE_FEATHER_LUT	Preserves the complete pinned preprocessor block at renderer/src/gpu.cpp:1908-1987, including branch lines 1908, under ifdef RIVE_GENERATE_FEATHER_LUT.	crates/nuxie-renderer/src/gpu.rs	Use one generate-feather-lut Cargo/build feature across declarations, constructors, and generator bodies; feature-off retains the normal table-consumer path.	prepared	verified	required	executable	-	Mechanically translate every branch into the assigned source-shaped target and attach compile or execution evidence before advancing translation_status.	cpp:renderer/src/gpu.cpp:1908-1987
1	4ac7b32798da0482e441ef09304dc3b480ed3ee5	renderer/src/gpu.cpp	renderer-src-gpu-cpp-l2050	2050-2124	2050	ifdef RIVE_GENERATE_FEATHER_LUT	Preserves the complete pinned preprocessor block at renderer/src/gpu.cpp:2050-2124, including branch lines 2050, under ifdef RIVE_GENERATE_FEATHER_LUT.	crates/nuxie-renderer/src/gpu.rs	Use one generate-feather-lut Cargo/build feature across declarations, constructors, and generator bodies; feature-off retains the normal table-consumer path.	prepared	verified	required	executable	-	Mechanically translate every branch into the assigned source-shaped target and attach compile or execution evidence before advancing translation_status.	cpp:renderer/src/gpu.cpp:2050-2124
1	4ac7b32798da0482e441ef09304dc3b480ed3ee5	renderer/include/rive/renderer/rive_render_image.hpp	renderer-include-rive-renderer-rive-render-image-hpp-l9	9-11	9	ifdef __EMSCRIPTEN__	Preserves the complete pinned preprocessor block at renderer/include/rive/renderer/rive_render_image.hpp:9-11, including branch lines 9, under ifdef __EMSCRIPTEN__.	crates/nuxie-renderer/src/native_metal/image_texture.rs	Use cfg(target_os = "emscripten") for the delegate/import surface and compile-link the non-Emscripten absence path.	prepared	verified	required	compile-link-only	-	Mechanically translate every branch into the assigned source-shaped target and attach compile or execution evidence before advancing translation_status.	cpp:renderer/include/rive/renderer/rive_render_image.hpp:9-11
1	4ac7b32798da0482e441ef09304dc3b480ed3ee5	renderer/include/rive/renderer/render_context.hpp	renderer-include-rive-renderer-render-context-hpp-l10	10-13	10	ifdef RIVE_CANVAS	Preserves the complete pinned preprocessor block at renderer/include/rive/renderer/render_context.hpp:10-13, including branch lines 10, under ifdef RIVE_CANVAS.	crates/nuxie-renderer/src/logical_frame.rs	Use the single rive-canvas Cargo feature across generic context, native Metal canvas, and ORE integration; feature-off removes the complete surface.	prepared	verified	required	executable	-	Mechanically translate every branch into the assigned source-shaped target and attach compile or execution evidence before advancing translation_status.	cpp:renderer/include/rive/renderer/render_context.hpp:10-13
1	4ac7b32798da0482e441ef09304dc3b480ed3ee5	renderer/include/rive/renderer/render_context.hpp	renderer-include-rive-renderer-render-context-hpp-l133	133-140	133	ifdef WITH_RIVE_TOOLS	Preserves the complete pinned preprocessor block at renderer/include/rive/renderer/render_context.hpp:133-140, including branch lines 133, under ifdef WITH_RIVE_TOOLS.	crates/nuxie-renderer/src/logical_frame.rs	Use the single rive-tools Cargo feature; feature-on preserves the exact field/read path and feature-off removes it.	prepared	verified	required	executable	-	Mechanically translate every branch into the assigned source-shaped target and attach compile or execution evidence before advancing translation_status.	cpp:renderer/include/rive/renderer/render_context.hpp:133-140
1	4ac7b32798da0482e441ef09304dc3b480ed3ee5	renderer/include/rive/renderer/render_context.hpp	renderer-include-rive-renderer-render-context-hpp-l304	304-310	304	ifdef RIVE_CANVAS	Preserves the complete pinned preprocessor block at renderer/include/rive/renderer/render_context.hpp:304-310, including branch lines 304, under ifdef RIVE_CANVAS.	crates/nuxie-renderer/src/logical_frame.rs	Use the single rive-canvas Cargo feature across generic context, native Metal canvas, and ORE integration; feature-off removes the complete surface.	prepared	verified	required	executable	-	Mechanically translate every branch into the assigned source-shaped target and attach compile or execution evidence before advancing translation_status.	cpp:renderer/include/rive/renderer/render_context.hpp:304-310
1	4ac7b32798da0482e441ef09304dc3b480ed3ee5	renderer/include/rive/renderer/render_context.hpp	renderer-include-rive-renderer-render-context-hpp-l396	396-398	396	ifdef RIVE_CANVAS	Preserves the complete pinned preprocessor block at renderer/include/rive/renderer/render_context.hpp:396-398, including branch lines 396, under ifdef RIVE_CANVAS.	crates/nuxie-renderer/src/logical_frame.rs	Use the single rive-canvas Cargo feature across generic context, native Metal canvas, and ORE integration; feature-off removes the complete surface.	prepared	verified	required	executable	-	Mechanically translate every branch into the assigned source-shaped target and attach compile or execution evidence before advancing translation_status.	cpp:renderer/include/rive/renderer/render_context.hpp:396-398
1	4ac7b32798da0482e441ef09304dc3b480ed3ee5	renderer/include/rive/renderer/render_context_impl.hpp	renderer-include-rive-renderer-render-context-impl-hpp-l10	10-12	10	ifdef RIVE_CANVAS	Preserves the complete pinned preprocessor block at renderer/include/rive/renderer/render_context_impl.hpp:10-12, including branch lines 10, under ifdef RIVE_CANVAS.	crates/nuxie-renderer/src/native_metal/context.rs	Use the single rive-canvas Cargo feature across generic context, native Metal canvas, and ORE integration; feature-off removes the complete surface.	prepared	verified	required	executable	-	Mechanically translate every branch into the assigned source-shaped target and attach compile or execution evidence before advancing translation_status.	cpp:renderer/include/rive/renderer/render_context_impl.hpp:10-12
1	4ac7b32798da0482e441ef09304dc3b480ed3ee5	renderer/include/rive/renderer/render_context_impl.hpp	renderer-include-rive-renderer-render-context-impl-hpp-l14	14-19	14	ifdef RIVE_CANVAS	Preserves the complete pinned preprocessor block at renderer/include/rive/renderer/render_context_impl.hpp:14-19, including branch lines 14, under ifdef RIVE_CANVAS.	crates/nuxie-renderer/src/native_metal/context.rs	Use the single rive-canvas Cargo feature across generic context, native Metal canvas, and ORE integration; feature-off removes the complete surface.	prepared	verified	required	executable	-	Mechanically translate every branch into the assigned source-shaped target and attach compile or execution evidence before advancing translation_status.	cpp:renderer/include/rive/renderer/render_context_impl.hpp:14-19
1	4ac7b32798da0482e441ef09304dc3b480ed3ee5	renderer/include/rive/renderer/render_context_impl.hpp	renderer-include-rive-renderer-render-context-impl-hpp-l23	23-25	23	ifdef RIVE_CANVAS	Preserves the complete pinned preprocessor block at renderer/include/rive/renderer/render_context_impl.hpp:23-25, including branch lines 23, under ifdef RIVE_CANVAS.	crates/nuxie-renderer/src/native_metal/context.rs	Use the single rive-canvas Cargo feature across generic context, native Metal canvas, and ORE integration; feature-off removes the complete surface.	prepared	verified	required	executable	-	Mechanically translate every branch into the assigned source-shaped target and attach compile or execution evidence before advancing translation_status.	cpp:renderer/include/rive/renderer/render_context_impl.hpp:23-25
1	4ac7b32798da0482e441ef09304dc3b480ed3ee5	renderer/include/rive/renderer/render_context_impl.hpp	renderer-include-rive-renderer-render-context-impl-hpp-l76	76-86	76	ifdef RIVE_CANVAS	Preserves the complete pinned preprocessor block at renderer/include/rive/renderer/render_context_impl.hpp:76-86, including branch lines 76, under ifdef RIVE_CANVAS.	crates/nuxie-renderer/src/native_metal/context.rs	Use the single rive-canvas Cargo feature across generic context, native Metal canvas, and ORE integration; feature-off removes the complete surface.	prepared	verified	required	executable	-	Mechanically translate every branch into the assigned source-shaped target and attach compile or execution evidence before advancing translation_status.	cpp:renderer/include/rive/renderer/render_context_impl.hpp:76-86
1	4ac7b32798da0482e441ef09304dc3b480ed3ee5	renderer/include/rive/renderer/render_context_impl.hpp	renderer-include-rive-renderer-render-context-impl-hpp-l230	230-242	230	if defined(ORE_BACKEND_GL) && defined(RIVE_CANVAS)	Preserves the complete pinned preprocessor block at renderer/include/rive/renderer/render_context_impl.hpp:230-242, including branch lines 230, under if defined(ORE_BACKEND_GL) && defined(RIVE_CANVAS).	crates/nuxie-renderer/src/native_metal/context.rs	Use all(feature = "rive-canvas", feature = "ore-gl") exactly; Metal-only builds compile the absence path.	prepared	verified	required	executable	-	Mechanically translate every branch into the assigned source-shaped target and attach compile or execution evidence before advancing translation_status.	cpp:renderer/include/rive/renderer/render_context_impl.hpp:230-242
1	4ac7b32798da0482e441ef09304dc3b480ed3ee5	renderer/src/render_context_helper_impl.cpp	renderer-src-render-context-helper-impl-cpp-l10	10-12	10	ifdef RIVE_DECODERS	Preserves the complete pinned preprocessor block at renderer/src/render_context_helper_impl.cpp:10-12, including branch lines 10, under ifdef RIVE_DECODERS.	crates/nuxie-renderer/src/native_metal/context.rs	Use the image-decoders Cargo feature for decoder includes and fallback bodies; feature-off preserves platform-decode-only behavior.	prepared	verified	required	executable	-	Mechanically translate every branch into the assigned source-shaped target and attach compile or execution evidence before advancing translation_status.	cpp:renderer/src/render_context_helper_impl.cpp:10-12
1	4ac7b32798da0482e441ef09304dc3b480ed3ee5	renderer/src/render_context.cpp	renderer-src-render-context-cpp-l12	12-14	12	ifdef RIVE_CANVAS	Preserves the complete pinned preprocessor block at renderer/src/render_context.cpp:12-14, including branch lines 12, under ifdef RIVE_CANVAS.	crates/nuxie-renderer/src/logical_frame.rs	Use the single rive-canvas Cargo feature across generic context, native Metal canvas, and ORE integration; feature-off removes the complete surface.	prepared	verified	required	executable	-	Mechanically translate every branch into the assigned source-shaped target and attach compile or execution evidence before advancing translation_status.	cpp:renderer/src/render_context.cpp:12-14
1	4ac7b32798da0482e441ef09304dc3b480ed3ee5	renderer/src/render_context.cpp	renderer-src-render-context-cpp-l25	25-27	25	ifdef RIVE_DECODERS	Preserves the complete pinned preprocessor block at renderer/src/render_context.cpp:25-27, including branch lines 25, under ifdef RIVE_DECODERS.	crates/nuxie-renderer/src/logical_frame.rs	Use the image-decoders Cargo feature for decoder includes and fallback bodies; feature-off preserves platform-decode-only behavior.	prepared	verified	required	executable	-	Mechanically translate every branch into the assigned source-shaped target and attach compile or execution evidence before advancing translation_status.	cpp:renderer/src/render_context.cpp:25-27
1	4ac7b32798da0482e441ef09304dc3b480ed3ee5	renderer/src/render_context.cpp	renderer-src-render-context-cpp-l29	29-31	29	ifdef RIVE_KTX2	Preserves the complete pinned preprocessor block at renderer/src/render_context.cpp:29-31, including branch lines 29, under ifdef RIVE_KTX2.	crates/nuxie-renderer/src/logical_frame.rs	Use the ktx2 Cargo feature for KTX2 probing/upload; feature-off must continue to the remaining decoder path without consuming input.	prepared	verified	required	executable	-	Mechanically translate every branch into the assigned source-shaped target and attach compile or execution evidence before advancing translation_status.	cpp:renderer/src/render_context.cpp:29-31
1	4ac7b32798da0482e441ef09304dc3b480ed3ee5	renderer/src/render_context.cpp	renderer-src-render-context-cpp-l144	144-148	144	ifdef RIVE_GENERATE_FEATHER_LUT	Preserves the complete pinned preprocessor block at renderer/src/render_context.cpp:144-148, including branch lines 144, under ifdef RIVE_GENERATE_FEATHER_LUT.	crates/nuxie-renderer/src/logical_frame.rs	Use one generate-feather-lut Cargo/build feature across declarations, constructors, and generator bodies; feature-off retains the normal table-consumer path.	prepared	verified	required	executable	-	Mechanically translate every branch into the assigned source-shaped target and attach compile or execution evidence before advancing translation_status.	cpp:renderer/src/render_context.cpp:144-148
1	4ac7b32798da0482e441ef09304dc3b480ed3ee5	renderer/src/render_context.cpp	renderer-src-render-context-cpp-l161	161-163	161	ifdef RIVE_CANVAS	Preserves the complete pinned preprocessor block at renderer/src/render_context.cpp:161-163, including branch lines 161, under ifdef RIVE_CANVAS.	crates/nuxie-renderer/src/logical_frame.rs	Use the single rive-canvas Cargo feature across generic context, native Metal canvas, and ORE integration; feature-off removes the complete surface.	prepared	verified	required	executable	-	Mechanically translate every branch into the assigned source-shaped target and attach compile or execution evidence before advancing translation_status.	cpp:renderer/src/render_context.cpp:161-163
1	4ac7b32798da0482e441ef09304dc3b480ed3ee5	renderer/src/render_context.cpp	renderer-src-render-context-cpp-l178	178-190	178	ifdef RIVE_CANVAS	Preserves the complete pinned preprocessor block at renderer/src/render_context.cpp:178-190, including branch lines 178, under ifdef RIVE_CANVAS.	crates/nuxie-renderer/src/logical_frame.rs	Use the single rive-canvas Cargo feature across generic context, native Metal canvas, and ORE integration; feature-off removes the complete surface.	prepared	verified	required	executable	-	Mechanically translate every branch into the assigned source-shaped target and attach compile or execution evidence before advancing translation_status.	cpp:renderer/src/render_context.cpp:178-190
1	4ac7b32798da0482e441ef09304dc3b480ed3ee5	renderer/src/render_context.cpp	renderer-src-render-context-cpp-l197	197-228	197	ifdef RIVE_KTX2	Preserves the complete pinned preprocessor block at renderer/src/render_context.cpp:197-228, including branch lines 197, under ifdef RIVE_KTX2.	crates/nuxie-renderer/src/logical_frame.rs	Use the ktx2 Cargo feature for KTX2 probing/upload; feature-off must continue to the remaining decoder path without consuming input.	prepared	verified	required	executable	-	Mechanically translate every branch into the assigned source-shaped target and attach compile or execution evidence before advancing translation_status.	cpp:renderer/src/render_context.cpp:197-228
1	4ac7b32798da0482e441ef09304dc3b480ed3ee5	renderer/src/render_context.cpp	renderer-src-render-context-cpp-l230	230-255	230	ifdef RIVE_DECODERS	Preserves the complete pinned preprocessor block at renderer/src/render_context.cpp:230-255, including branch lines 230, under ifdef RIVE_DECODERS.	crates/nuxie-renderer/src/logical_frame.rs	Use the image-decoders Cargo feature for decoder includes and fallback bodies; feature-off preserves platform-decode-only behavior.	prepared	verified	required	executable	-	Mechanically translate every branch into the assigned source-shaped target and attach compile or execution evidence before advancing translation_status.	cpp:renderer/src/render_context.cpp:230-255
1	4ac7b32798da0482e441ef09304dc3b480ed3ee5	renderer/src/render_context.cpp	renderer-src-render-context-cpp-l1332	1332-1334	1332	ifdef WITH_RIVE_TOOLS	Preserves the complete pinned preprocessor block at renderer/src/render_context.cpp:1332-1334, including branch lines 1332, under ifdef WITH_RIVE_TOOLS.	crates/nuxie-renderer/src/logical_frame.rs	Use the single rive-tools Cargo feature; feature-on preserves the exact field/read path and feature-off removes it.	prepared	verified	required	executable	-	Mechanically translate every branch into the assigned source-shaped target and attach compile or execution evidence before advancing translation_status.	cpp:renderer/src/render_context.cpp:1332-1334
1	4ac7b32798da0482e441ef09304dc3b480ed3ee5	renderer/src/render_context.cpp	renderer-src-render-context-cpp-l2386	2386-2394	2386	ifndef NDEBUG	Preserves the complete pinned preprocessor block at renderer/src/render_context.cpp:2386-2394, including branch lines 2386, under ifndef NDEBUG.	crates/nuxie-renderer/src/logical_frame.rs	Map DEBUG to cfg(debug_assertions) and NDEBUG/RELEASE to its inverse; preserve whether debug-only expressions are evaluated or absent.	prepared	verified	required	executable	-	Mechanically translate every branch into the assigned source-shaped target and attach compile or execution evidence before advancing translation_status.	cpp:renderer/src/render_context.cpp:2386-2394
1	4ac7b32798da0482e441ef09304dc3b480ed3ee5	renderer/src/render_context.cpp	renderer-src-render-context-cpp-l2476	2476-2623	2476,2613	if 0 | else	Preserves the complete pinned preprocessor block at renderer/src/render_context.cpp:2476-2623, including branch lines 2476,2613, under if 0 | else.	crates/nuxie-renderer/src/logical_frame.rs	Preserve the source-disabled diagnostic body behind cfg(any()); its empty alternate remains the compiled path.	prepared	verified	required	compile-link-only	-	Mechanically translate every branch into the assigned source-shaped target and attach compile or execution evidence before advancing translation_status.	cpp:renderer/src/render_context.cpp:2476-2623
1	4ac7b32798da0482e441ef09304dc3b480ed3ee5	renderer/include/rive/renderer/rive_renderer.hpp	renderer-include-rive-renderer-rive-renderer-hpp-l56	56-73	56	ifdef TESTING	Preserves the TESTING-only renderer inspection surface.	crates/nuxie-renderer/src/mechanical_port/source/renderer/include/rive/renderer/rive_renderer_hpp.rs	Map TESTING to cfg(test) without changing the public inspection behavior.	prepared	verified	required	executable	-	Mechanically preserve the complete conditional block and validate both configurations before promotion.	cpp:renderer/include/rive/renderer/rive_renderer.hpp:56-73
1	4ac7b32798da0482e441ef09304dc3b480ed3ee5	renderer/src/draw.cpp	renderer-src-draw-cpp-l442	442-449	442	ifdef NDEBUG	Preserves release-only acceptance of precomputed pixel bounds and the debug recomputation path.	crates/nuxie-renderer/src/mechanical_port/source/renderer/src/draw_cpp.rs	Map NDEBUG to cfg(not(debug_assertions)) and preserve whether bounds are recomputed.	prepared	verified	required	executable	-	Mechanically preserve the complete conditional block and validate debug and release configurations before promotion.	cpp:renderer/src/draw.cpp:442-449
1	4ac7b32798da0482e441ef09304dc3b480ed3ee5	renderer/src/rive_render_path.hpp	renderer-src-rive-render-path-hpp-l57	57-66	57	ifdef DEBUG	Preserves debug-only raw-path mutation locking.	crates/nuxie-renderer/src/mechanical_port/source/renderer/src/rive_render_path_hpp.rs	Map DEBUG to cfg(debug_assertions) and preserve balanced mutation-lock accounting.	prepared	verified	required	executable	-	Mechanically preserve the complete conditional block and validate debug and release configurations before promotion.	cpp:renderer/src/rive_render_path.hpp:57-66
