version	upstream_sha	upstream_file	lines	symbol	status	rust_owner	remaining
1	4ac7b32798da0482e441ef09304dc3b480ed3ee5	renderer/src/metal/render_context_metal_impl.mm	1-44	translation-unit preamble and platform metallib selection	ported	crates/nuxie-renderer/src/mechanical_port/source/renderer/src/metal/render_context_metal_impl_mm.rs	-
1	4ac7b32798da0482e441ef09304dc3b480ed3ee5	renderer/src/metal/render_context_metal_impl.mm	45-58	make_pipeline_state	ported	crates/nuxie-renderer/src/mechanical_port/source/renderer/src/metal/render_context_metal_impl_mm.rs	-
1	4ac7b32798da0482e441ef09304dc3b480ed3ee5	renderer/src/metal/render_context_metal_impl.mm	59-100	image sampler mappings	ported	crates/nuxie-renderer/src/mechanical_port/source/renderer/src/metal/render_context_metal_impl_mm.rs	-
1	4ac7b32798da0482e441ef09304dc3b480ed3ee5	renderer/src/metal/render_context_metal_impl.mm	101-122	ColorRampPipeline	ported	crates/nuxie-renderer/src/mechanical_port/source/renderer/src/metal/render_context_metal_impl_mm.rs	-
1	4ac7b32798da0482e441ef09304dc3b480ed3ee5	renderer/src/metal/render_context_metal_impl.mm	123-144	TessellatePipeline	ported	crates/nuxie-renderer/src/mechanical_port/source/renderer/src/metal/render_context_metal_impl_mm.rs	-
1	4ac7b32798da0482e441ef09304dc3b480ed3ee5	renderer/src/metal/render_context_metal_impl.mm	145-177	FeatherAtlasPipeline	ported	crates/nuxie-renderer/src/mechanical_port/source/renderer/src/metal/render_context_metal_impl_mm.rs	-
1	4ac7b32798da0482e441ef09304dc3b480ed3ee5	renderer/src/metal/render_context_metal_impl.mm	178-261	DrawPipeline precompiled function selection	ported	crates/nuxie-renderer/src/mechanical_port/source/renderer/src/metal/render_context_metal_impl_mm.rs	-
1	4ac7b32798da0482e441ef09304dc3b480ed3ee5	renderer/src/metal/render_context_metal_impl.mm	262-402	DrawPipeline construction and state	ported	crates/nuxie-renderer/src/mechanical_port/source/renderer/src/metal/render_context_metal_impl_mm.rs	-
1	4ac7b32798da0482e441ef09304dc3b480ed3ee5	renderer/src/metal/render_context_metal_impl.mm	403-413	is_apple_silicon	ported	crates/nuxie-renderer/src/mechanical_port/source/renderer/src/metal/render_context_metal_impl_mm.rs	-
1	4ac7b32798da0482e441ef09304dc3b480ed3ee5	renderer/src/metal/render_context_metal_impl.mm	414-453	BufferRingMetalImpl	ported	crates/nuxie-renderer/src/mechanical_port/source/renderer/src/metal/render_context_metal_impl_mm.rs	-
1	4ac7b32798da0482e441ef09304dc3b480ed3ee5	renderer/src/metal/render_context_metal_impl.mm	454-461	MakeContext	ported	crates/nuxie-renderer/src/mechanical_port/source/renderer/src/metal/render_context_metal_impl_mm.rs	-
1	4ac7b32798da0482e441ef09304dc3b480ed3ee5	renderer/src/metal/render_context_metal_impl.mm	462-728	RenderContextMetalImpl constructor	ported	crates/nuxie-renderer/src/mechanical_port/source/renderer/src/metal/render_context_metal_impl_mm.rs	-
1	4ac7b32798da0482e441ef09304dc3b480ed3ee5	renderer/src/metal/render_context_metal_impl.mm	729-734	destructor	ported	crates/nuxie-renderer/src/mechanical_port/source/renderer/src/metal/render_context_metal_impl_mm.rs	-
1	4ac7b32798da0482e441ef09304dc3b480ed3ee5	renderer/src/metal/render_context_metal_impl.mm	735-782	RenderTargetMetal construction set and make	ported	crates/nuxie-renderer/src/mechanical_port/source/renderer/src/metal/render_context_metal_impl_mm.rs	-
1	4ac7b32798da0482e441ef09304dc3b480ed3ee5	renderer/src/metal/render_context_metal_impl.mm	783-829	RenderBufferMetalImpl and makeRenderBuffer	ported	crates/nuxie-renderer/src/mechanical_port/source/renderer/src/metal/render_context_metal_impl_mm.rs	-
1	4ac7b32798da0482e441ef09304dc3b480ed3ee5	renderer/src/metal/render_context_metal_impl.mm	830-906	TextureMetalImpl	ported	crates/nuxie-renderer/src/mechanical_port/source/renderer/src/metal/render_context_metal_impl_mm.rs	-
1	4ac7b32798da0482e441ef09304dc3b480ed3ee5	renderer/src/metal/render_context_metal_impl.mm	907-974	makeImageTexture	ported	crates/nuxie-renderer/src/mechanical_port/source/renderer/src/metal/render_context_metal_impl_mm.rs	-
1	4ac7b32798da0482e441ef09304dc3b480ed3ee5	renderer/src/metal/render_context_metal_impl.mm	975-985	adoptImageTexture	ported	crates/nuxie-renderer/src/mechanical_port/source/renderer/src/metal/render_context_metal_impl_mm.rs	-
1	4ac7b32798da0482e441ef09304dc3b480ed3ee5	renderer/src/metal/render_context_metal_impl.mm	986-1015	makeRenderCanvas	ported	crates/nuxie-renderer/src/mechanical_port/source/renderer/src/metal/render_context_metal_impl_mm.rs	-
1	4ac7b32798da0482e441ef09304dc3b480ed3ee5	renderer/src/metal/render_context_metal_impl.mm	1016-1022	makeOreContext	ported	crates/nuxie-renderer/src/mechanical_port/source/renderer/src/metal/render_context_metal_impl_mm.rs	-
1	4ac7b32798da0482e441ef09304dc3b480ed3ee5	renderer/src/metal/render_context_metal_impl.mm	1023-1040	buffer-ring factories	ported	crates/nuxie-renderer/src/mechanical_port/source/renderer/src/metal/render_context_metal_impl_mm.rs	-
1	4ac7b32798da0482e441ef09304dc3b480ed3ee5	renderer/src/metal/render_context_metal_impl.mm	1041-1059	resizeGradientTexture	ported	crates/nuxie-renderer/src/mechanical_port/source/renderer/src/metal/render_context_metal_impl_mm.rs	-
1	4ac7b32798da0482e441ef09304dc3b480ed3ee5	renderer/src/metal/render_context_metal_impl.mm	1060-1078	resizeTessellationTexture	ported	crates/nuxie-renderer/src/mechanical_port/source/renderer/src/metal/render_context_metal_impl_mm.rs	-
1	4ac7b32798da0482e441ef09304dc3b480ed3ee5	renderer/src/metal/render_context_metal_impl.mm	1079-1116	resizeFeatherAtlasTexture	ported	crates/nuxie-renderer/src/mechanical_port/source/renderer/src/metal/render_context_metal_impl_mm.rs	-
1	4ac7b32798da0482e441ef09304dc3b480ed3ee5	renderer/src/metal/render_context_metal_impl.mm	1117-1226	findCompatibleDrawPipeline	ported	crates/nuxie-renderer/src/mechanical_port/source/renderer/src/metal/render_context_metal_impl_mm.rs	-
1	4ac7b32798da0482e441ef09304dc3b480ed3ee5	renderer/src/metal/render_context_metal_impl.mm	1227-1237	makeCommandBuffer	ported	crates/nuxie-renderer/src/mechanical_port/source/renderer/src/metal/render_context_metal_impl_mm.rs	-
1	4ac7b32798da0482e441ef09304dc3b480ed3ee5	renderer/src/metal/render_context_metal_impl.mm	1238-1254	commitCommandBuffer	ported	crates/nuxie-renderer/src/mechanical_port/source/renderer/src/metal/render_context_metal_impl_mm.rs	-
1	4ac7b32798da0482e441ef09304dc3b480ed3ee5	renderer/src/metal/render_context_metal_impl.mm	1255-1265	prepareToFlush	ported	crates/nuxie-renderer/src/mechanical_port/source/renderer/src/metal/render_context_metal_impl_mm.rs	-
1	4ac7b32798da0482e441ef09304dc3b480ed3ee5	renderer/src/metal/render_context_metal_impl.mm	1266-1297	buffer viewport and scissor helpers	ported	crates/nuxie-renderer/src/mechanical_port/source/renderer/src/metal/render_context_metal_impl_mm.rs	-
1	4ac7b32798da0482e441ef09304dc3b480ed3ee5	renderer/src/metal/render_context_metal_impl.mm	1298-1393	makeRenderPassForDraws	ported	crates/nuxie-renderer/src/mechanical_port/source/renderer/src/metal/render_context_metal_impl_mm.rs	-
1	4ac7b32798da0482e441ef09304dc3b480ed3ee5	renderer/src/metal/render_context_metal_impl.mm	1394-1451	flush gradient prepass	ported	crates/nuxie-renderer/src/mechanical_port/source/renderer/src/metal/render_context_metal_impl_mm.rs	-
1	4ac7b32798da0482e441ef09304dc3b480ed3ee5	renderer/src/metal/render_context_metal_impl.mm	1452-1511	flush tessellation prepass	ported	crates/nuxie-renderer/src/mechanical_port/source/renderer/src/metal/render_context_metal_impl_mm.rs	-
1	4ac7b32798da0482e441ef09304dc3b480ed3ee5	renderer/src/metal/render_context_metal_impl.mm	1512-1650	flush feather-atlas prepass	ported	crates/nuxie-renderer/src/mechanical_port/source/renderer/src/metal/render_context_metal_impl_mm.rs	-
1	4ac7b32798da0482e441ef09304dc3b480ed3ee5	renderer/src/metal/render_context_metal_impl.mm	1651-1660	flush image mipmaps	ported	crates/nuxie-renderer/src/mechanical_port/source/renderer/src/metal/render_context_metal_impl_mm.rs	-
1	4ac7b32798da0482e441ef09304dc3b480ed3ee5	renderer/src/metal/render_context_metal_impl.mm	1661-1691	flush main attachments	ported	crates/nuxie-renderer/src/mechanical_port/source/renderer/src/metal/render_context_metal_impl_mm.rs	-
1	4ac7b32798da0482e441ef09304dc3b480ed3ee5	renderer/src/metal/render_context_metal_impl.mm	1692-1720	raster PLS attachments	ported	crates/nuxie-renderer/src/mechanical_port/source/renderer/src/metal/render_context_metal_impl_mm.rs	-
1	4ac7b32798da0482e441ef09304dc3b480ed3ee5	renderer/src/metal/render_context_metal_impl.mm	1721-1750	atomic preserve-target copy	ported	crates/nuxie-renderer/src/mechanical_port/source/renderer/src/metal/render_context_metal_impl_mm.rs	-
1	4ac7b32798da0482e441ef09304dc3b480ed3ee5	renderer/src/metal/render_context_metal_impl.mm	1751-1821	flush batch policy and pipeline lookup	ported	crates/nuxie-renderer/src/mechanical_port/source/renderer/src/metal/render_context_metal_impl_mm.rs	-
1	4ac7b32798da0482e441ef09304dc3b480ed3ee5	renderer/src/metal/render_context_metal_impl.mm	1822-1835	flush scissor cache	ported	crates/nuxie-renderer/src/mechanical_port/source/renderer/src/metal/render_context_metal_impl_mm.rs	-
1	4ac7b32798da0482e441ef09304dc3b480ed3ee5	renderer/src/metal/render_context_metal_impl.mm	1836-1856	flush image and sampler binding	ported	crates/nuxie-renderer/src/mechanical_port/source/renderer/src/metal/render_context_metal_impl_mm.rs	-
1	4ac7b32798da0482e441ef09304dc3b480ed3ee5	renderer/src/metal/render_context_metal_impl.mm	1857-1897	flush atomic barriers	ported	crates/nuxie-renderer/src/mechanical_port/source/renderer/src/metal/render_context_metal_impl_mm.rs	-
1	4ac7b32798da0482e441ef09304dc3b480ed3ee5	renderer/src/metal/render_context_metal_impl.mm	1898-1926	flush patch draws	ported	crates/nuxie-renderer/src/mechanical_port/source/renderer/src/metal/render_context_metal_impl_mm.rs	-
1	4ac7b32798da0482e441ef09304dc3b480ed3ee5	renderer/src/metal/render_context_metal_impl.mm	1927-1939	flush interior and atlas triangles	ported	crates/nuxie-renderer/src/mechanical_port/source/renderer/src/metal/render_context_metal_impl_mm.rs	-
1	4ac7b32798da0482e441ef09304dc3b480ed3ee5	renderer/src/metal/render_context_metal_impl.mm	1940-1963	flush imageRect	ported	crates/nuxie-renderer/src/mechanical_port/source/renderer/src/metal/render_context_metal_impl_mm.rs	-
1	4ac7b32798da0482e441ef09304dc3b480ed3ee5	renderer/src/metal/render_context_metal_impl.mm	1964-1988	flush imageMesh	ported	crates/nuxie-renderer/src/mechanical_port/source/renderer/src/metal/render_context_metal_impl_mm.rs	-
1	4ac7b32798da0482e441ef09304dc3b480ed3ee5	renderer/src/metal/render_context_metal_impl.mm	1989-1998	flush initialize and resolve	ported	crates/nuxie-renderer/src/mechanical_port/source/renderer/src/metal/render_context_metal_impl_mm.rs	-
1	4ac7b32798da0482e441ef09304dc3b480ed3ee5	renderer/src/metal/render_context_metal_impl.mm	1999-2015	flush MSAA boundary	ported	crates/nuxie-renderer/src/mechanical_port/source/renderer/src/metal/render_context_metal_impl_mm.rs	-
1	4ac7b32798da0482e441ef09304dc3b480ed3ee5	renderer/src/metal/render_context_metal_impl.mm	2016-2030	postFlush and namespace close	ported	crates/nuxie-renderer/src/mechanical_port/source/renderer/src/metal/render_context_metal_impl_mm.rs	-
1	4ac7b32798da0482e441ef09304dc3b480ed3ee5	renderer/include/rive/renderer/metal/render_context_metal_impl.h	1-20	header preamble and BackgroundShaderCompiler declaration	ported	crates/nuxie-renderer/src/mechanical_port/source/renderer/include/rive/renderer/metal/render_context_metal_impl_h.rs	-
1	4ac7b32798da0482e441ef09304dc3b480ed3ee5	renderer/include/rive/renderer/metal/render_context_metal_impl.h	21-88	RenderTargetMetal	ported	crates/nuxie-renderer/src/mechanical_port/source/renderer/include/rive/renderer/metal/render_context_metal_impl_h.rs	-
1	4ac7b32798da0482e441ef09304dc3b480ed3ee5	renderer/include/rive/renderer/metal/render_context_metal_impl.h	89-120	ContextOptions and MakeContext	ported	crates/nuxie-renderer/src/mechanical_port/source/renderer/include/rive/renderer/metal/render_context_metal_impl_h.rs	-
1	4ac7b32798da0482e441ef09304dc3b480ed3ee5	renderer/include/rive/renderer/metal/render_context_metal_impl.h	121-160	public resource factories	ported	crates/nuxie-renderer/src/mechanical_port/source/renderer/include/rive/renderer/metal/render_context_metal_impl_h.rs	-
1	4ac7b32798da0482e441ef09304dc3b480ed3ee5	renderer/include/rive/renderer/metal/render_context_metal_impl.h	161-189	AtomicBarrierType and MetalFeatures	ported	crates/nuxie-renderer/src/mechanical_port/source/renderer/include/rive/renderer/metal/render_context_metal_impl_h.rs	-
1	4ac7b32798da0482e441ef09304dc3b480ed3ee5	renderer/include/rive/renderer/metal/render_context_metal_impl.h	190-203	protected buffer rings and DrawPipeline declaration	ported	crates/nuxie-renderer/src/mechanical_port/source/renderer/include/rive/renderer/metal/render_context_metal_impl_h.rs	-
1	4ac7b32798da0482e441ef09304dc3b480ed3ee5	renderer/include/rive/renderer/metal/render_context_metal_impl.h	204-233	private orchestration methods	ported	crates/nuxie-renderer/src/mechanical_port/source/renderer/include/rive/renderer/metal/render_context_metal_impl_h.rs	-
1	4ac7b32798da0482e441ef09304dc3b480ed3ee5	renderer/include/rive/renderer/metal/render_context_metal_impl.h	234-282	context-owned fields and namespace close	ported	crates/nuxie-renderer/src/mechanical_port/source/renderer/include/rive/renderer/metal/render_context_metal_impl_h.rs	-
